web-scraper-order,web-scraper-start-url,articles_links,articles_links-href,detail,nombre_chambre,nombre_salle_bain,superficie,adresse,ville,prix,image_link-src
"1707688378-1","https://www.expat-dakar.com/appartements-a-louer?page=10","2 CHAMBRES A LOUER NGOR-ALMADIES
2 chambre100 m²
Ngor,
Dakar

mardi, 11:39

500 000 F Cfa

785393382

775452867","https://www.expat-dakar.com/annonce/2-chambres-a-louer-ngor-almadies-5936469","2 CHAMBRES A LOUER NGOR-ALMADIES","2","2","Niveaux disponibles : 1er, 3ème, 4ème étage.","Ngor","Dakar","500 000 F Cfa","https://i.roamcdn.net/hz/ed/listing-thumb-543w/87a3b09cb7417e13d396d5586ff0588e/-/horizon-files-prod/ed/picture/q0gw8zdz/27bb8ab813a81c0bfc835a35cd4ffcf5c8924f17.jpg"
"1707688381-2","https://www.expat-dakar.com/appartements-a-louer?page=10","Appartement meublé F4 à louer au virage
3 chambre150 m²
Virage,
Dakar

mardi, 16:20

1 200 000 F Cfa

773519884","https://www.expat-dakar.com/annonce/appartement-meuble-f4-a-louer-au-virage-5870063","Appartement meublé F4 à louer au virage","3","3","","Virage","Dakar","1 200 000 F Cfa","https://i.roamcdn.net/hz/ed/listing-thumb-543w/2941a84104ddeed5ad151d51f1492249/-/horizon-files-prod/ed/picture/q56x69p6/85e710d7797ba8d67396da79b0cc799e672e44b1.jpg"
"1707688383-3","https://www.expat-dakar.com/appartements-a-louer?page=10","Allmadies zone de recasment
2 chambre190 m²
Almadies,
Dakar

mardi, 12:21

Vendeur vérifié

350 000 F Cfa

781156032","https://www.expat-dakar.com/annonce/allmadies-zone-de-recasment-5991697","Allmadies zone de recasment","2","3","","Almadies","Dakar","350 000 F Cfa","https://i.roamcdn.net/hz/ed/listing-thumb-543w/9551092fbf97031a94119cd16d4618d3/-/horizon-files-prod/ed/picture/q448q9mz/399612bb0340776b092c840feb2665694d7e8db9.jpg"
"1707688386-4","https://www.expat-dakar.com/appartements-a-louer?page=10","Allmadies zone de recasment
1 chambre150 m²
Almadies,
Dakar

mardi, 12:22

Vendeur vérifié

260 000 F Cfa

781156032","https://www.expat-dakar.com/annonce/allmadies-zone-de-recasment-5991694","Allmadies zone de recasment","1","2","","Almadies","Dakar","260 000 F Cfa","https://i.roamcdn.net/hz/ed/listing-thumb-543w/f8ed72ea9ae2455d12ab427e2dff0295/-/horizon-files-prod/ed/picture/qwe25x86/39d43c2169ab2932505ee323eec15c214ca498c4.jpg"
"1707688388-5","https://www.expat-dakar.com/appartements-a-louer?page=10","Duplex à louer almadies
3 chambre250 m²
Almadies,
Dakar

mardi, 12:33

1 800 000 F Cfa

775597743","https://www.expat-dakar.com/annonce/duplex-a-louer-almadies-5995824","Duplex à louer almadies","3","5","","Almadies","Dakar","1 800 000 F Cfa","https://i.roamcdn.net/hz/ed/listing-thumb-543w/3208c67ba2f74b9a4893d3af9d14c02b/-/horizon-files-prod/ed/picture/qv4e0p4x/bbae97d30285e37b5630e9009a86993e90f6bf36.jpg"
"1707688390-6","https://www.expat-dakar.com/appartements-a-louer?page=10","Appartement standing à Ouakam. Non loin du Monument
2 chambre
Mamelles,
Dakar

mardi, 12:35

280 000 F Cfa

778727979

766377247

772699661","https://www.expat-dakar.com/annonce/appartement-standing-a-ouakam-non-loin-du-monument-5998029","Appartement standing à Ouakam. Non loin du Monument","2","3","","Mamelles","Dakar","280 000 F Cfa","https://i.roamcdn.net/hz/ed/listing-thumb-543w/490950ca843d2eeec2a7bfa079a9a5ca/-/horizon-files-prod/ed/picture/qq47k9kn/c3f1b607a483b0b9f40965bbd6230d8e5fcbdb83.jpg"
"1707688393-7","https://www.expat-dakar.com/appartements-a-louer?page=10","Appartement à louer à Virage
3 chambre200 m²
Virage,
Dakar

mardi, 12:37

1 500 000 F Cfa

775597743","https://www.expat-dakar.com/annonce/appartement-a-louer-a-virage-2725272","Appartement à louer à Virage","3","5","","Virage","Dakar","1 500 000 F Cfa","https://i.roamcdn.net/hz/ed/listing-thumb-543w/e17080e46f1f5ff07b6327d753a3f346/-/horizon-files-prod/ed/picture/migrated/q8pn7w6/8991891d0653831f9b29a418a9459ea7473e3708.jpg"
"1707688395-8","https://www.expat-dakar.com/appartements-a-louer?page=10","Appartement neuf à louer almadies
100 m²
Almadies,
Dakar

mardi, 12:38

550 000 F Cfa

775597743","https://www.expat-dakar.com/annonce/appartement-neuf-a-louer-almadies-5992890","Appartement neuf à louer almadies","","3","","Almadies","Dakar","550 000 F Cfa","https://i.roamcdn.net/hz/ed/listing-thumb-543w/7e0545666d25e52caf134c321d2d06c9/-/horizon-files-prod/ed/picture/qv4e58mp/852fa3e0709c524cb38e33b8fa30dcfa528b803c.jpg"
"1707688398-9","https://www.expat-dakar.com/appartements-a-louer?page=10","Appartement à louer vdn 1 ère position
4 chambre
Sacré-cœur,
Dakar

mardi, 12:39

650 000 F Cfa

777457269","https://www.expat-dakar.com/annonce/appartement-a-louer-vdn-1-ere-position-5895931","Appartement à louer vdn 1 ère position","4","","","Sacré-cœur","Dakar","650 000 F Cfa","https://i.roamcdn.net/hz/ed/listing-thumb-543w/2358a11e8a6de684bd561ce1b3c02518/-/horizon-files-prod/ed/picture/q44889wz/207d280dd936bd35e3bcee5de39975c6406e71a8.jpg"
"1707688400-10","https://www.expat-dakar.com/appartements-a-louer?page=10","MINI-STUDIO A LOUER
1 chambre
Ouest foire,
Dakar

mardi, 12:42

120 000 F Cfa

777457269","https://www.expat-dakar.com/annonce/mini-studio-a-louer-5890062","MINI-STUDIO A LOUER","1","2","","Ouest foire","Dakar","120 000 F Cfa","https://i.roamcdn.net/hz/ed/listing-thumb-543w/b3dd7b82a4c063e889b1a1cb4ea4933a/-/horizon-files-prod/ed/picture/qdekkkjw/2e0f8c4a1af16e5facfdcdb6d159381840b25afe.png"
"1707688403-11","https://www.expat-dakar.com/appartements-a-louer?page=10","VIP

Appartements KALIA - Zone de captage
3 chambre100 m²
Zone de captage,
Dakar

mercredi, 08:30

450 000 F Cfa

771965618","https://www.expat-dakar.com/annonce/appartements-kalia-zone-de-captage-5456686","Appartements KALIA - Zone de captage","3","2","Immeuble neuf construit par KALIA :","Zone de captage","Dakar","450 000 F Cfa","https://i.roamcdn.net/hz/ed/listing-thumb-543w/b8fe73aa8ca079300f3aef41d8fdab01/-/horizon-files-prod/ed/picture/qenn92qv/7b12e121b282de642466c98eda5d0022dd12a1ff.jpg"
"1707688408-12","https://www.expat-dakar.com/appartements-a-louer?page=9","Appartements à louer à la cité Aquanique Yoff Virage
4 chambre
Yoff,
Dakar

mardi, 13:55

1 500 000 F Cfa

774586048","https://www.expat-dakar.com/annonce/appartements-a-louer-a-la-cite-aquanique-yoff-virage-5951016","Appartements à louer à la cité Aquanique Yoff Virage","4","","","Yoff","Dakar","1 500 000 F Cfa","https://i.roamcdn.net/hz/ed/listing-thumb-543w/6f9240e8b901df010660836fe2a2fbdc/-/horizon-files-prod/ed/picture/qpd6jz24/b489a8ec21ec56b850e485d799ee97823cbe0623.jpg"
"1707688411-13","https://www.expat-dakar.com/appartements-a-louer?page=9","Studio neuf à louer sud foire
1 chambre80 m²
Sud foire,
Dakar

mardi, 15:54

200 000 F Cfa

776576626

772317210

779242728","https://www.expat-dakar.com/annonce/studio-neuf-a-louer-sud-foire-5990563","Studio neuf à louer sud foire","1","1","","Sud foire","Dakar","200 000 F Cfa","https://i.roamcdn.net/hz/ed/listing-thumb-543w/9130c3168d298320a4a37e0366689878/-/horizon-files-prod/ed/picture/q56x82dr/a8fe5b431bf4128a5f604716d90bdd5c26a0e302.jpg"
"1707688413-14","https://www.expat-dakar.com/appartements-a-louer?page=9","APPARTEMENT AUX ALMADIES
2 chambre
Almadies,
Dakar

mardi, 16:43

325 000 F Cfa

773752863

771059344","https://www.expat-dakar.com/annonce/appartement-aux-almadies-5998259","APPARTEMENT AUX ALMADIES","2","2","Nous mettons en location un appartement aux Almadies derrière Philippe Morris dans la zone de Recasement composé de 2 chambres salon cuisine placards espace familiale 1 salle de bain toilette visiteur balcon gardiennage au Premier étage à 325.000 FCFA","Almadies","Dakar","325 000 F Cfa","https://i.roamcdn.net/hz/ed/listing-thumb-543w/62d347bdb2868bcd3a7e464301b3613a/-/horizon-files-prod/ed/picture/qj4rd5jr/11dde7e3bcd7d1f1e21b228682f7f6c7f66a8df0.jpg"
"1707688415-15","https://www.expat-dakar.com/appartements-a-louer?page=9","Bel appartement a la Cite keur Gorgui
3 chambre
Cité keur gorgui,
Dakar

mardi, 18:26

500 000 F Cfa

766343415

776108934","https://www.expat-dakar.com/annonce/bel-appartement-a-la-cite-keur-gorgui-5632573","Bel appartement a la Cite keur Gorgui","3","","Appartement de 3chambres salon buanderie a la keur gorgui au 6eme étage avec ascenseur parking et sous-sol éspace familial toilettes extérieure 500mil par mois","Cité keur gorgui","Dakar","500 000 F Cfa","https://i.roamcdn.net/hz/ed/listing-thumb-543w/6043fb7fe189413ee4305c070c5bc3bb/-/horizon-files-prod/ed/picture/qq4dqp84/1cdb5dfbc28ae84810a2e5e8d876eacceb0a81d2.jpg"
"1707688418-16","https://www.expat-dakar.com/appartements-a-louer?page=9","APPARTEMENT NGOR ALMADIES
2 chambre
Almadies,
Dakar

mardi, 22:03

310 000 F Cfa

773752863

771059344","https://www.expat-dakar.com/annonce/appartement-ngor-almadies-5998424","APPARTEMENT NGOR ALMADIES","2","2","","Almadies","Dakar","310 000 F Cfa","https://i.roamcdn.net/hz/ed/listing-thumb-543w/640f5644621325704666768c7502a8d4/-/horizon-files-prod/ed/picture/qv4e09zv/2597ee874305730541763c442c8110810ac0cfe8.jpg"
"1707688420-17","https://www.expat-dakar.com/appartements-a-louer?page=9","Appartement f4 à louer à liberté 6 extension
3 chambre
Liberte 6 extension,
Dakar

mardi, 22:09

475 000 F Cfa

770996006

776396633

776381774","https://www.expat-dakar.com/annonce/appartement-f4-a-louer-a-liberte-6-extension-5998291","Appartement f4 à louer à liberté 6 extension","3","3","","Liberte 6 extension","Dakar","475 000 F Cfa","https://i.roamcdn.net/hz/ed/listing-thumb-543w/c30e6e5876ba4488b38a0541e33585b9/-/horizon-files-prod/ed/picture/q0gwx8wx/859ef02c469e0b6b0581fdc6419c7cf2ea940aad.jpg"
"1707688423-18","https://www.expat-dakar.com/appartements-a-louer?page=9","Mamelles / cité touba renaissance

Mamelles,
Dakar

mercredi, 11:13

400 000 F Cfa

771810202","https://www.expat-dakar.com/annonce/mamelles-cite-touba-renaissance-5925209","Mamelles / cité touba renaissance","","2","","Mamelles","Dakar","400 000 F Cfa","https://i.roamcdn.net/hz/ed/listing-thumb-543w/59a56b6ae46c18e0aedd1b2ca7e97b0f/-/horizon-files-prod/ed/picture/q4480789/d1bc3cab978cd2c0a02d60cd02eab82b50267cc4.jpg"
"1707688425-19","https://www.expat-dakar.com/appartements-a-louer?page=9","Appartement F5 à louer au virage
4 chambre
Virage,
Dakar

mercredi, 11:40

1 550 000 F Cfa

776454715

776454715

778145360","https://www.expat-dakar.com/annonce/appartement-f5-a-louer-au-virage-5998831","Appartement F5 à louer au virage","4","4","","Virage","Dakar","1 550 000 F Cfa","https://i.roamcdn.net/hz/ed/listing-thumb-543w/5ddf96cee57f8e77e69325f274593a56/-/horizon-files-prod/ed/picture/q4482608/8ece2670426e366462db8e9a723b20f458862206.jpg"
"1707688428-20","https://www.expat-dakar.com/appartements-a-louer?page=9","Appartement à louer au Point E
2 chambre
Point-e,
Dakar

mercredi, 12:17

500 000 F Cfa

774823430

776548731

774836846","https://www.expat-dakar.com/annonce/appartement-a-louer-au-point-e-5998881","Appartement à louer au Point E","2","2","","Point-e","Dakar","500 000 F Cfa","https://i.roamcdn.net/hz/ed/listing-thumb-543w/ee438b388536d95d9ada941ab8ee1d82/-/horizon-files-prod/ed/picture/qj4rdxxz/93ad725b697b4a5297807024d213b36fce5864f2.jpg"
"1707688430-21","https://www.expat-dakar.com/appartements-a-louer?page=9","Liberté 6 derrière campénale
3 chambre200 m²
Liberte 6,
Dakar

mercredi, 12:22

Vendeur vérifié

475 000 F Cfa

781156032","https://www.expat-dakar.com/annonce/liberte-6-derriere-campenale-5998896","Liberté 6 derrière campénale","3","4","","Liberte 6","Dakar","475 000 F Cfa","https://i.roamcdn.net/hz/ed/listing-thumb-543w/bf0f017de010cc461807823895ab81f5/-/horizon-files-prod/ed/picture/q8v529gz/a84f543d9cf99fc4073cc13e2e3ee4afb3d2c2c8.jpg"
"1707688435-22","https://www.expat-dakar.com/appartements-a-louer?page=8","Quatre chambres à louer aux almadies
4 chambre300 m²
Almadies,
Dakar

mercredi, 12:24

1 100 000 F Cfa

772506673

767277483

772506673","https://www.expat-dakar.com/annonce/quatre-chambres-a-louer-aux-almadies-5998883","Quatre chambres à louer aux almadies","4","4","","Almadies","Dakar","1 100 000 F Cfa","https://i.roamcdn.net/hz/ed/listing-thumb-543w/fe98b2ac2130d77211d2169fde903e3a/-/horizon-files-prod/ed/picture/q2jq2wwd/525348d3ac52385c821091580ac44c34866e3dae.jpg"
"1707688438-23","https://www.expat-dakar.com/appartements-a-louer?page=8","Duplex a louer dans une résidence à ngor
4 chambre125 m²
Ngor,
Dakar

mercredi, 12:25

700 000 F Cfa

774823430

776548731

774836846","https://www.expat-dakar.com/annonce/duplex-a-louer-dans-une-residence-a-ngor-5998898","Duplex a louer dans une résidence à ngor","4","4","","Ngor","Dakar","700 000 F Cfa","https://i.roamcdn.net/hz/ed/listing-thumb-543w/478876fd92e0352e669affa84dacc34a/-/horizon-files-prod/ed/picture/qrzvkj78/8574b3b413a5ef4f4152b4c340cae10960ebb751.jpg"
"1707688440-24","https://www.expat-dakar.com/appartements-a-louer?page=8","Appartement vue sur mer à louer aux Almadies
3 chambre
Almadies,
Dakar

mercredi, 13:29

1 500 000 F Cfa

774449704

763484712","https://www.expat-dakar.com/annonce/appartement-vue-sur-mer-a-louer-aux-almadies-5998976","Appartement vue sur mer à louer aux Almadies","3","","","Almadies","Dakar","1 500 000 F Cfa","https://i.roamcdn.net/hz/ed/listing-thumb-543w/17283c4f88ec836019e8dbea01afe248/-/horizon-files-prod/ed/picture/qrzvkj4x/b1448a2f8293d9a5c39d42e185aa2562a376a0c5.jpg"
"1707688443-25","https://www.expat-dakar.com/appartements-a-louer?page=8","Appartement f4 avec jardin à louer aux Almadies
3 chambre
Almadies,
Dakar

mercredi, 13:34

1 500 000 F Cfa

774449704

763484712","https://www.expat-dakar.com/annonce/appartement-f4-avec-jardin-a-louer-aux-almadies-5998985","Appartement f4 avec jardin à louer aux Almadies","3","","","Almadies","Dakar","1 500 000 F Cfa","https://i.roamcdn.net/hz/ed/listing-thumb-543w/1a57297ffad6185309fa32135b843f07/-/horizon-files-prod/ed/picture/q56x2z2x/5bcd3dbe3b135f806e00036b0dc4505defa4ef96.jpg"
"1707688446-26","https://www.expat-dakar.com/appartements-a-louer?page=8","Appartement haut standing
4 chambre
Almadies,
Dakar

mercredi, 14:47

1 800 000 F Cfa

783051414","https://www.expat-dakar.com/annonce/appartement-haut-standing-5999061","Appartement haut standing","4","4","Il est composé de 4 chambres avec placards et salle de bain, 1 spacieux et lumineux salon/salle à manger, 1 cuisine entièrement équipée, 1 buanderie, 1 wc visiteur.","Almadies","Dakar","1 800 000 F Cfa","https://i.roamcdn.net/hz/ed/listing-thumb-543w/9e02e3182c7575601893b30a07ac4e41/-/horizon-files-prod/ed/picture/q2jq2wx2/466ababb4010c19dbfb09803ad908a65da355af7.png"
"1707688449-27","https://www.expat-dakar.com/appartements-a-louer?page=8","APPARTEMENT F3 À FANN MERMOZ
2 chambre
Fann,
Dakar

mercredi, 14:54

Vendeur vérifié

650 000 F Cfa

772293834

769023031","https://www.expat-dakar.com/annonce/appartement-f3-a-fann-mermoz-5999059","APPARTEMENT F3 À FANN MERMOZ","2","3","","Fann","Dakar","650 000 F Cfa","https://i.roamcdn.net/hz/ed/listing-thumb-543w/74789d813c2d6983dfcd2e419f16edd5/-/horizon-files-prod/ed/picture/qj4rdx0w/332ac0459caa529f237bdf89c800a09bcf8bc21a.jpg"
"1707688451-28","https://www.expat-dakar.com/appartements-a-louer?page=8","APPARTEMENT A LOUER A FANN
3 chambre
Fann,
Dakar

mercredi, 15:44

1 400 000 F Cfa

775754598

774493864

338228342","https://www.expat-dakar.com/annonce/appartement-a-louer-a-fann-5999098","APPARTEMENT A LOUER A FANN","3","4","","Fann","Dakar","1 400 000 F Cfa","https://i.roamcdn.net/hz/ed/listing-thumb-543w/ad7368feff0dea473d1b371a7324753b/-/horizon-files-prod/ed/picture/qrzvkj9n/e5bd71ead62c10fcaa21a0db1e701beef24e66cf.jpg"
"1707688454-29","https://www.expat-dakar.com/appartements-a-louer?page=8","APPARTEMENT F4 AU VIRAGE
3 chambre
Virage,
Dakar

mercredi, 21:59

330 000 F Cfa

773752863

771059344","https://www.expat-dakar.com/annonce/appartement-f4-au-virage-5999315","APPARTEMENT F4 AU VIRAGE","3","4","","Virage","Dakar","330 000 F Cfa","https://i.roamcdn.net/hz/ed/listing-thumb-543w/6bb263b8e4c586bbc2bf2ece578c4e42/-/horizon-files-prod/ed/picture/qj4rdzpr/fb24ae64dac08e91f1c107bfbd4df254d72bc183.jpg"
"1707688459-30","https://www.expat-dakar.com/appartements-a-louer?page=8","Joli duplex F4 vue mer aux Almadies
3 chambre200 m²
Almadies,
Dakar

mercredi, 23:18

1 500 000 F Cfa

772251409

760121325","https://www.expat-dakar.com/annonce/joli-duplex-f4-vue-mer-aux-almadies-4495041","Joli duplex F4 vue mer aux Almadies","3","4","","Almadies","Dakar","1 500 000 F Cfa","https://i.roamcdn.net/hz/ed/listing-thumb-543w/9411622b65ca1ba477ae8cb0bd4f2824/-/horizon-files-prod/ed/picture/q5edx96/7f26c92f406041078f816843d201e7db61d39d66.jpg"
"1707688463-31","https://www.expat-dakar.com/appartements-a-louer?page=8","Appart F4 haut standing aux Mamelles
3 chambre157 m²
Mamelles,
Dakar

mercredi, 23:18

1 200 000 F Cfa

772251409

760121325","https://www.expat-dakar.com/annonce/appart-f4-haut-standing-aux-mamelles-5954107","Appart F4 haut standing aux Mamelles","3","5","","Mamelles","Dakar","1 200 000 F Cfa","https://i.roamcdn.net/hz/ed/listing-thumb-543w/1eeea1abad57daf8496a11cddf77ceaf/-/horizon-files-prod/ed/picture/qq4767jz/4071fd3582f347f8aab205879318e1a05669c9e3.jpg"
"1707688468-32","https://www.expat-dakar.com/appartements-a-louer?page=7","Appartement F4 aux Almadies
3 chambre200 m²
Almadies,
Dakar

mercredi, 23:18

1 550 000 F Cfa

772251409

760121325","https://www.expat-dakar.com/annonce/appartement-f4-aux-almadies-5935049","Appartement F4 aux Almadies","3","3","","Almadies","Dakar","1 550 000 F Cfa","https://i.roamcdn.net/hz/ed/listing-thumb-543w/87db64b8d4a88f608ddeec50dc3cfd68/-/horizon-files-prod/ed/picture/qngx0j2r/d096cd4b729ceeaf0e39586e876b2aed28f9e69d.jpg"
"1707688470-33","https://www.expat-dakar.com/appartements-a-louer?page=7","Spart grand standing a Mermoz
3 chambre200 m²
Mermoz,
Dakar

mercredi, 23:43

1 800 000 F Cfa

772251409

760121325","https://www.expat-dakar.com/annonce/spart-grand-standing-a-mermoz-5977825","Spart grand standing a Mermoz","3","3","","Mermoz","Dakar","1 800 000 F Cfa","https://i.roamcdn.net/hz/ed/listing-thumb-543w/ae619a9f54862803804e7bcecaa0b918/-/horizon-files-prod/ed/picture/q0gwz9e8/8d3decf019a1f2880a68459b516bd046af4bc161.jpg"
"1707688473-34","https://www.expat-dakar.com/appartements-a-louer?page=7","Appartement Neuf A louer Almadies
3 chambre150 m²
Almadies,
Dakar

jeudi, 07:23

900 000 F Cfa

776576626

772317210

779242728","https://www.expat-dakar.com/annonce/appartement-neuf-a-louer-almadies-5994837","Appartement Neuf A louer Almadies","3","5","","Almadies","Dakar","900 000 F Cfa","https://i.roamcdn.net/hz/ed/listing-thumb-543w/70596f8ff6781b21fb83b0cde2427775/-/horizon-files-prod/ed/picture/qj4rdmmd/eeb529725d48f84226de133a662b4511513d95d0.jpg"
"1707688475-35","https://www.expat-dakar.com/appartements-a-louer?page=7","Appartement F4 tout neuf à louer au almadies
3 chambre
Almadies,
Dakar

mercredi, 16:44

500 000 F Cfa

778727979

766377247

772699661","https://www.expat-dakar.com/annonce/appartement-f4-tout-neuf-a-louer-au-almadies-5994344","Appartement F4 tout neuf à louer au almadies","3","3","","Almadies","Dakar","500 000 F Cfa","https://i.roamcdn.net/hz/ed/listing-thumb-543w/fd09e0fc9fd35dafd6469fdd7dd3386a/-/horizon-files-prod/ed/picture/q6xk407d/2dbd3928a0d396a4b54ea74b0c0669dfee3f866e.jpg"
"1707688477-36","https://www.expat-dakar.com/appartements-a-louer?page=7","Appartement F4 à louer aux Mamelles
3 chambre
Mamelles,
Dakar

jeudi, 09:55

Vendeur vérifié

1 400 000 F Cfa

784581818

773109594

338233452","https://www.expat-dakar.com/annonce/appartement-f4-a-louer-aux-mamelles-5964315","Appartement F4 à louer aux Mamelles","3","","Composition:

03 chambres

03 salle d'eau

01 toilette visiteur

01 espace familiale

01 salon

01 cuisine entièrement équipée plus buanderie et toilette domestique

L'immeuble dispose d'un parking privé, ascenseur, groupe électrogène, concierge, service gardiennage.","Mamelles","Dakar","1 400 000 F Cfa","https://i.roamcdn.net/hz/ed/listing-thumb-543w/aa02823170ddae17e3de7b934c9f909c/-/horizon-files-prod/ed/picture/qj4r2jv6/c9c255c1b2b502e0fe2d55ac4730fd68a59ccf72.jpg"
"1707688480-37","https://www.expat-dakar.com/appartements-a-louer?page=7","appartement de 3 chambres a la cité Sonatel 2
3 chambre
Liberte 6,
Dakar

jeudi, 11:18

300 000 F Cfa

766343415

776108934","https://www.expat-dakar.com/annonce/appartement-de-3-chambres-a-la-cite-sonatel-2-5999775","appartement de 3 chambres a la cité Sonatel 2","3","3","","Liberte 6","Dakar","300 000 F Cfa","https://i.roamcdn.net/hz/ed/listing-thumb-543w/7946634c6a990b91616238c2526c6ac3/-/horizon-files-prod/ed/picture/q4482754/9c539a9895b701d8e9870755db1762d17b4671a6.jpg"
"1707688482-38","https://www.expat-dakar.com/appartements-a-louer?page=7","Appartement à mermoz batrain
3 chambre
Mermoz,
Dakar

jeudi, 12:31

350 000 F Cfa

775393180","https://www.expat-dakar.com/annonce/appartement-a-mermoz-batrain-5938626","Appartement à mermoz batrain","3","","","Mermoz","Dakar","350 000 F Cfa","https://i.roamcdn.net/hz/ed/listing-thumb-543w/b366d78ab399691f70326a0dbfd10329/-/horizon-files-prod/ed/picture/q9m9rze6/85db4c79369af559ff5a039a1e393a0002c98112.jpg"
"1707688485-39","https://www.expat-dakar.com/appartements-a-louer?page=7","APPARTEMENT AUX MAMELLES
3 chambre
Mamelles,
Dakar

jeudi, 14:13

400 000 F Cfa

773752863

771059344","https://www.expat-dakar.com/annonce/appartement-aux-mamelles-5999966","APPARTEMENT AUX MAMELLES","3","3","Entrée mbakiou faye appartement 3 chambres salon séparé chauffe-eau cuisine balcon gardiennage h24 accessible parking prix

Prix : 400.000 FCFA","Mamelles","Dakar","400 000 F Cfa","https://i.roamcdn.net/hz/ed/listing-thumb-543w/a1d71bbf8620a4ff5723b11269e7a537/-/horizon-files-prod/ed/picture/q6xk2z2j/7a62ab21fa27ea7bfe6d230ddd738fa5b0d25bbe.jpg"
"1707688487-40","https://www.expat-dakar.com/appartements-a-louer?page=7","Appartement F4 neuf à louer à Mermoz

Mermoz,
Dakar

jeudi, 14:23

Vendeur vérifié

1 300 000 F Cfa

772381402

774813344

777344223","https://www.expat-dakar.com/annonce/appartement-f4-neuf-a-louer-a-mermoz-5999927","Appartement F4 neuf à louer à Mermoz","","3","","Mermoz","Dakar","1 300 000 F Cfa","https://i.roamcdn.net/hz/ed/listing-thumb-543w/0bbd506a63bb63d5ca7dee0d913b12af/-/horizon-files-prod/ed/picture/qngxk2zr/db127b653d2b73dda8a8791fc9a3015c73dda957.png"
"1707688490-41","https://www.expat-dakar.com/appartements-a-louer?page=7","Appartement 2 chambres salon meublé à louer au point E

Point-e,
Dakar

jeudi, 14:38

1 300 000 F Cfa

781385959

776313024","https://www.expat-dakar.com/annonce/appartement-2-chambres-salon-meuble-a-louer-au-point-e-5997427","Appartement 2 chambres salon meublé à louer au point E","","","Appartement meublé ultra chic et moderne à louer au point e au dernier et 6e étage d'un immeuble de standing.","Point-e","Dakar","1 300 000 F Cfa","https://i.roamcdn.net/hz/ed/listing-thumb-543w/8beba6c3459c6935091dd285e18b16ad/-/horizon-files-prod/ed/picture/qngxk9j0/d5dde320670cd4ce5e968830cf889bbc1c8fa285.jpg"
"1707688495-42","https://www.expat-dakar.com/appartements-a-louer?page=6","Appartement F5 neuf à louer almadies
4 chambre400 m²
Almadies,
Dakar

jeudi, 14:51

2 000 000 F Cfa

775597743","https://www.expat-dakar.com/annonce/appartement-f5-neuf-a-louer-almadies-5993766","Appartement F5 neuf à louer almadies","4","5","","Almadies","Dakar","2 000 000 F Cfa","https://i.roamcdn.net/hz/ed/listing-thumb-543w/64a1921348acbe64abb0b952ab8f8bd1/-/horizon-files-prod/ed/picture/q6xk4e9g/aa1f9919d719d383e29914423c40903004c6ebe8.jpg"
"1707688497-43","https://www.expat-dakar.com/appartements-a-louer?page=6","Appartement à louer à Yoff
4 chambre300 m²
Yoff,
Dakar

jeudi, 14:56

1 300 000 F Cfa

775597743","https://www.expat-dakar.com/annonce/appartement-a-louer-a-yoff-5827138","Appartement à louer à Yoff","4","5","","Yoff","Dakar","1 300 000 F Cfa","https://i.roamcdn.net/hz/ed/listing-thumb-543w/cd4fb43f61748545a9da8c49337fbe18/-/horizon-files-prod/ed/picture/qpdwzg7x/9d80eacb554c3767af76cde1100fdcf1950b9ccd.jpg"
"1707688500-44","https://www.expat-dakar.com/appartements-a-louer?page=6","Appartement vue mer F4 à louer virage
3 chambre150 m²
Yoff,
Dakar

jeudi, 14:56

1 500 000 F Cfa

775597743","https://www.expat-dakar.com/annonce/appartement-vue-mer-f4-a-louer-virage-3264570","Appartement vue mer F4 à louer virage","3","4","","Yoff","Dakar","1 500 000 F Cfa","https://i.roamcdn.net/hz/ed/listing-thumb-543w/d8ca6bf902e0b3dad04809059fd2f6ca/-/horizon-files-prod/ed/picture/q92p646/9502e4cb63025deaa5a6c49ac7850c6f65d86cc3.jpg"
"1707688502-45","https://www.expat-dakar.com/appartements-a-louer?page=6","APPARTEMENT AUX MAMELLES
3 chambre
Mamelles,
Dakar

jeudi, 16:04

500 000 F Cfa

773752863

771059344","https://www.expat-dakar.com/annonce/appartement-aux-mamelles-6000062","APPARTEMENT AUX MAMELLES","3","4","","Mamelles","Dakar","500 000 F Cfa","https://i.roamcdn.net/hz/ed/listing-thumb-543w/550adb51391f83add34ae0ca6969e974/-/horizon-files-prod/ed/picture/qdekz48w/a74e410ca064d4bf897a061ed9786a8a79462c9e.jpg"
"1707688505-46","https://www.expat-dakar.com/appartements-a-louer?page=6","Deux chambres à louer par mois
2 chambre
Sicap foire,
Dakar

jeudi, 16:12

360 000 F Cfa

772506673

767277483

772506673","https://www.expat-dakar.com/annonce/deux-chambres-a-louer-par-mois-6000064","Deux chambres à louer par mois","2","3","","Sicap foire","Dakar","360 000 F Cfa","https://i.roamcdn.net/hz/ed/listing-thumb-543w/254adebec74d4b5b665d06835ac77ffe/-/horizon-files-prod/ed/picture/qenqm24v/2467c7ba715a1d9103461859371db44c9d938241.jpg"
"1707688507-47","https://www.expat-dakar.com/appartements-a-louer?page=6","Appartement a louer a Ngor
2 chambre150 m²
Ngor,
Dakar

jeudi, 16:18

350 000 F Cfa

776576626

772317210

779242728","https://www.expat-dakar.com/annonce/appartement-a-louer-a-ngor-5974541","Appartement a louer a Ngor","2","3","","Ngor","Dakar","350 000 F Cfa","https://i.roamcdn.net/hz/ed/listing-thumb-543w/547a552a7db82adb83356a1896d18554/-/horizon-files-prod/ed/picture/q56x5446/c86b267c5d34395fefde6b1d8dae00d39fa32ec7.jpg"
"1707688510-48","https://www.expat-dakar.com/appartements-a-louer?page=6","Trois chambres à louer par mois
3 chambre220 m²
Almadies,
Dakar

jeudi, 16:43

1 600 000 F Cfa

772506673

767277483

772506673","https://www.expat-dakar.com/annonce/trois-chambres-a-louer-par-mois-6000089","Trois chambres à louer par mois","3","4","","Almadies","Dakar","1 600 000 F Cfa","https://i.roamcdn.net/hz/ed/listing-thumb-543w/0f24e34cec4ac2957ac1074e691dfa47/-/horizon-files-prod/ed/picture/q785d9ex/e62d4b43333a849d4633c4236de01f701ffc8c82.jpg"
"1707688512-49","https://www.expat-dakar.com/appartements-a-louer?page=6","BEL F4 A LOUER A FANN RESIDENCE

Fann,
Dakar

jeudi, 17:23

1 000 000 F Cfa

781029292

775146868

338645401","https://www.expat-dakar.com/annonce/bel-f4-a-louer-a-fann-residence-5993365","BEL F4 A LOUER A FANN RESIDENCE","","","Commodités:","Fann","Dakar","1 000 000 F Cfa","https://i.roamcdn.net/hz/ed/listing-thumb-543w/89f278758b53710ebce9e90e63602bc6/-/horizon-files-prod/ed/picture/qzvd5mgk/bdc315ea725eef991cad8d8095e93738d64cd361.jpg"
"1707688515-50","https://www.expat-dakar.com/appartements-a-louer?page=6","F4 A LOUER AUX ALMADIES ROUTE DU KING FAHD

Almadies,
Dakar

jeudi, 17:24

2 000 000 F Cfa

781029292

775146868

338645401","https://www.expat-dakar.com/annonce/f4-a-louer-aux-almadies-route-du-king-fahd-5875833","F4 A LOUER AUX ALMADIES ROUTE DU KING FAHD","","","DESCRIPTION:","Almadies","Dakar","2 000 000 F Cfa","https://i.roamcdn.net/hz/ed/listing-thumb-543w/a6922bb571bf59322809d686c90a7454/-/horizon-files-prod/ed/picture/qxj2jr2w/fccf6e7f15d05ac4bba722e36458908281d04853.jpg"
"1707688517-51","https://www.expat-dakar.com/appartements-a-louer?page=6","Bel appartement à louer au plateau

Plateau,
Dakar

jeudi, 17:25

4 000 000 F Cfa

781029292

775146868

338645401","https://www.expat-dakar.com/annonce/bel-appartement-a-louer-au-plateau-5947671","Bel appartement à louer au plateau","","","description:","Plateau","Dakar","4 000 000 F Cfa","https://i.roamcdn.net/hz/ed/listing-thumb-543w/a9b6194c602d72cc3621de7c6dce9e73/-/horizon-files-prod/ed/picture/qngxjnnv/a003f063b00d651227d1664617386951140f2e09.jpg"
"1707688522-52","https://www.expat-dakar.com/appartements-a-louer?page=5","F3 A LOUER AUX ALMADIES

Almadies,
Dakar

jeudi, 17:34

1 200 000 F Cfa

781029292

775146868

338645401","https://www.expat-dakar.com/annonce/f3-a-louer-aux-almadies-5853375","F3 A LOUER AUX ALMADIES","","","Description :","Almadies","Dakar","1 200 000 F Cfa","https://i.roamcdn.net/hz/ed/listing-thumb-543w/70c2b78780c9f2d360bbbbd5b4c37d40/-/horizon-files-prod/ed/picture/q44de9gm/6d240578b5bfc1819ae7d889c3e2213697b33a2d.jpg"
"1707688527-53","https://www.expat-dakar.com/appartements-a-louer?page=5","Appartement f4 avec vue sur mer à louer à Hann Marinas
3 chambre219 m²
Hann marinas,
Dakar

jeudi, 19:52

800 000 F Cfa

773519884","https://www.expat-dakar.com/annonce/appartement-f4-avec-vue-sur-mer-a-louer-a-hann-marinas-5972771","Appartement f4 avec vue sur mer à louer à Hann Marinas","3","2","","Hann marinas","Dakar","800 000 F Cfa","https://i.roamcdn.net/hz/ed/listing-thumb-543w/146d98fb27cd0642543cb9fb09cc61ed/-/horizon-files-prod/ed/picture/qngx24wk/d8fb4ff743136f8a8f4b89e7ab5ddae697c645fa.jpg"
"1707688530-54","https://www.expat-dakar.com/appartements-a-louer?page=5","Appartement à louer point E
3 chambre
Point-e,
Dakar

8. nov. '23, 16:56

1 500 000 F Cfa

774449704

763484712","https://www.expat-dakar.com/annonce/appartement-a-louer-point-e-5930339","Appartement à louer point E","3","","","Point-e","Dakar","1 500 000 F Cfa","https://i.roamcdn.net/hz/ed/listing-thumb-543w/2fd6ec9ea1840ef71a3133251bd5fd18/-/horizon-files-prod/ed/picture/q2jq74xe/d12b4786c2fcbf1fd6c0c4ce17d3127a0a1e0071.jpg"
"1707688534-55","https://www.expat-dakar.com/appartements-a-louer?page=5","LOCATION APPARTEMENTS HAUT STANDING ALMADIES
4 chambre250 m²
Almadies,
Dakar

vendredi, 08:39

1 600 000 F Cfa

776576626

772317210

779242728","https://www.expat-dakar.com/annonce/location-appartements-haut-standing-almadies-5995585","LOCATION APPARTEMENTS HAUT STANDING ALMADIES","4","5","","Almadies","Dakar","1 600 000 F Cfa","https://i.roamcdn.net/hz/ed/listing-thumb-543w/5036ffdec69330e3341e22e2ac889c8a/-/horizon-files-prod/ed/picture/q56x2682/d33c636f38f7bb8b0edc765206afde11a5359a65.jpg"
"1707688538-56","https://www.expat-dakar.com/appartements-a-louer?page=5","Spacieux Appartement F5 au Virage
4 chambre250 m²
Virage,
Dakar

vendredi, 10:27

Vendeur vérifié

1 400 000 F Cfa

772293834

769023031","https://www.expat-dakar.com/annonce/spacieux-appartement-f5-au-virage-5649607","Spacieux Appartement F5 au Virage","4","5","L'immeuble est doté d'un parking, d'un gardiennage H24, d'une piscine et d'une salle de sport","Virage","Dakar","1 400 000 F Cfa","https://i.roamcdn.net/hz/ed/listing-thumb-543w/a9e1eb545b92920082b2e958ff57b3b5/-/horizon-files-prod/ed/picture/qq4dd8rw/5e98e68049f382519542a1a336943bb3c37afda2.jpg"
"1707688540-57","https://www.expat-dakar.com/appartements-a-louer?page=5","Appartement F5 grand standing Corniche Mamelles

Mamelles,
Dakar

vendredi, 10:38

1 100 000 F Cfa

778727979

766377247

772699661","https://www.expat-dakar.com/annonce/appartement-f5-grand-standing-corniche-mamelles-5882301","Appartement F5 grand standing Corniche Mamelles","","","Etage 1 et 2/ 1 300 000 FCFA

Étage 3 et 4 / 1 400 000 FCFA

Étage 5 et 6 / 1 500 000 FCFA","Mamelles","Dakar","1 100 000 F Cfa","https://i.roamcdn.net/hz/ed/listing-thumb-543w/3a87ec793ce2f59f505fa0d54bebe695/-/horizon-files-prod/ed/picture/q7857gmx/ee2175fbd8a381e3416ca077a654d13249eaf1aa.jpg"
"1707688543-58","https://www.expat-dakar.com/appartements-a-louer?page=5","Appartement spacieux à Keur Yoff (derrière Cité Ataya)
2 chambre
Sicap foire,
Dakar

vendredi, 10:38

280 000 F Cfa

777488842","https://www.expat-dakar.com/annonce/appartement-spacieux-a-keur-yoff-derriere-cite-ataya-5997574","Appartement spacieux à Keur Yoff (derrière Cité Ataya)","2","2","","Sicap foire","Dakar","280 000 F Cfa","https://i.roamcdn.net/hz/ed/listing-thumb-543w/89b110a1f0aa021ccc4321d9224388e8/-/horizon-files-prod/ed/picture/q8v52m80/a8de59e574d2a4de7426b53f34adbf61ef9e2885.jpg"
"1707688545-59","https://www.expat-dakar.com/appartements-a-louer?page=5","Appartement spacieux aux Mamelles (Cité Mackiou Faye)
2 chambre
Mamelles,
Dakar

vendredi, 10:39

300 000 F Cfa

777488842","https://www.expat-dakar.com/annonce/appartement-spacieux-aux-mamelles-cite-mackiou-faye-5994790","Appartement spacieux aux Mamelles (Cité Mackiou Faye)","2","2","","Mamelles","Dakar","300 000 F Cfa","https://i.roamcdn.net/hz/ed/listing-thumb-543w/75a6b202d57eadb1130c569b951fbdb1/-/horizon-files-prod/ed/picture/qv4e5n2x/194ef34fd39a526c295f60b74e4c776b63175a93.jpg"
"1707688548-60","https://www.expat-dakar.com/appartements-a-louer?page=5","Appartement spacieux aux Almadies
3 chambre
Almadies,
Dakar

vendredi, 10:39

550 000 F Cfa

777488842","https://www.expat-dakar.com/annonce/appartement-spacieux-aux-almadies-5893376","Appartement spacieux aux Almadies","3","3","","Almadies","Dakar","550 000 F Cfa","https://i.roamcdn.net/hz/ed/listing-thumb-543w/7027acc01758124b0b93fca93a8d7fe9/-/horizon-files-prod/ed/picture/qrzvv5jx/acbeec10e19a99e6c0b21db73274d8d01f817fec.jpg"
"1707688550-61","https://www.expat-dakar.com/appartements-a-louer?page=5","Appartement de grand standing à louer à Yoff, f5 sur 225 m2
4 chambre225 m²
Sicap foire,
Dakar

vendredi, 11:58

800 000 F Cfa

775513937","https://www.expat-dakar.com/annonce/appartement-de-grand-standing-a-louer-a-yoff-f5-sur-225-m2-5925151","Appartement de grand standing à louer à Yoff, f5 sur 225 m2","4","4","","Sicap foire","Dakar","800 000 F Cfa","https://i.roamcdn.net/hz/ed/listing-thumb-543w/13fd147e9961040813728e9b4d50f53e/-/horizon-files-prod/ed/picture/qq479g44/d5a029cb7b0b782c0f50a8f3e650ee22437f5559.jpg"
"1707688555-62","https://www.expat-dakar.com/appartements-a-louer?page=4","Très bel Appartement F3 aux Almadies à louer
2 chambre
Almadies,
Dakar

10. janv., 08:23

Vendeur vérifié

80 000 F Cfa

781322222","https://www.expat-dakar.com/annonce/tres-bel-appartement-f3-aux-almadies-a-louer-5764724","Très bel Appartement F3 aux Almadies à louer","2","3","","Almadies","Dakar","80 000 F Cfa","https://i.roamcdn.net/hz/ed/listing-thumb-543w/82ee02cac08115bfe01dd50e07664598/or%3D0/horizon-files-prod/ed/picture/qv4p0k52/31a4c18e662363489f78d30a0ae2444e5122db3d.jpg"
"1707688557-63","https://www.expat-dakar.com/appartements-a-louer?page=4","Appartement sur la vdn à usage bureau
4 chambre
VDN,
Dakar

vendredi, 12:56

600 000 F Cfa

776387541","https://www.expat-dakar.com/annonce/appartement-sur-la-vdn-a-usage-bureau-6000750","Appartement sur la vdn à usage bureau","4","4","","VDN","Dakar","600 000 F Cfa","https://i.roamcdn.net/hz/ed/listing-thumb-543w/94fb0ee654c74d92c06be63385f841e9/-/horizon-files-prod/ed/picture/qwe295rk/bb85d5ab33c12a6be91cdd7bc0723e5a6db8a1f4.jpg"
"1707688560-64","https://www.expat-dakar.com/appartements-a-louer?page=4","Magnifique Studio à louer cité mourtada
1 chambre
VDN,
Dakar

vendredi, 13:14

300 000 F Cfa

776441876

783091212

783090808","https://www.expat-dakar.com/annonce/magnifique-studio-a-louer-cite-mourtada-5994355","Magnifique Studio à louer cité mourtada","1","1","","VDN","Dakar","300 000 F Cfa","https://i.roamcdn.net/hz/ed/listing-thumb-543w/489f69922b3392ae0d79861eca97a3b6/-/horizon-files-prod/ed/picture/qxj2e4dm/ad689cfafdbf8a56b3fab0377929c0193d9a45f1.jpg"
"1707688562-65","https://www.expat-dakar.com/appartements-a-louer?page=4","magnifique f5 à louer corniche almadies vue mer
4 chambre250 m²
Almadies,
Dakar

vendredi, 13:15

2 100 000 F Cfa

776441876

783091212

783090808","https://www.expat-dakar.com/annonce/magnifique-f5-a-louer-corniche-almadies-vue-mer-5995315","magnifique f5 à louer corniche almadies vue mer","4","3","","Almadies","Dakar","2 100 000 F Cfa","https://i.roamcdn.net/hz/ed/listing-thumb-543w/dcabfbaf383d668450fea2b50275fefa/-/horizon-files-prod/ed/picture/qj4rd4m5/11bd5c075062921ebb8a60c1f4dee7c33398e5aa.jpg"
"1707688565-66","https://www.expat-dakar.com/appartements-a-louer?page=4","penthouse face mer et jardin suspendu privé
4 chambre300 m²
Mamelles,
Dakar

vendredi, 13:15

4 000 000 F Cfa

776441876

783091212

783090808","https://www.expat-dakar.com/annonce/penthouse-face-mer-et-jardin-suspendu-prive-5993590","penthouse face mer et jardin suspendu privé","4","3","","Mamelles","Dakar","4 000 000 F Cfa","https://i.roamcdn.net/hz/ed/listing-thumb-543w/b631d59ad702a1a6048119ef4d82aa08/-/horizon-files-prod/ed/picture/qv4e57z2/f83a1bd9f48c809723e52222ee71536ca287a462.jpg"
"1707688567-67","https://www.expat-dakar.com/appartements-a-louer?page=4","Appartement à louer derrière hyper marché Exclusif
2 chambre
VDN,
Dakar

vendredi, 13:16

400 000 F Cfa

776441876

783091212

783090808","https://www.expat-dakar.com/annonce/appartement-a-louer-derriere-hyper-marche-exclusif-5987124","Appartement à louer derrière hyper marché Exclusif","2","2","","VDN","Dakar","400 000 F Cfa","https://i.roamcdn.net/hz/ed/listing-thumb-543w/fc9cb945caff352706186afbcbc73071/-/horizon-files-prod/ed/picture/qv4e5gpm/121b50262a91498cb0cf8d6f2d00cc83ae542468.jpg"
"1707688569-68","https://www.expat-dakar.com/appartements-a-louer?page=4","Appartement à yoff virage
1 chambre
Virage,
Dakar

vendredi, 13:16

800 000 F Cfa

776387541","https://www.expat-dakar.com/annonce/appartement-a-yoff-virage-6000768","Appartement à yoff virage","1","4","","Virage","Dakar","800 000 F Cfa","https://i.roamcdn.net/hz/ed/listing-thumb-543w/21138d6d237ccba34fba002c81ec1f57/-/horizon-files-prod/ed/picture/qv4e05gw/0b1bb61392964bc5ad0c83bb4b5171807cd66b1f.jpg"
"1707688572-69","https://www.expat-dakar.com/appartements-a-louer?page=4","Appartement à louer aux Almadies
3 chambre200 m²
Almadies,
Dakar

vendredi, 13:19

1 100 000 F Cfa

776441876

783091212

783090808","https://www.expat-dakar.com/annonce/appartement-a-louer-aux-almadies-3753712","Appartement à louer aux Almadies","3","4","","Almadies","Dakar","1 100 000 F Cfa","https://i.roamcdn.net/hz/ed/listing-thumb-543w/db2937b60c91f4894b0846f8f6bc6ff0/-/horizon-files-prod/ed/picture/qmwm4k6/f09e79d20bb06300863e512fadb135473230805b.jpg"
"1707688574-70","https://www.expat-dakar.com/appartements-a-louer?page=4","Quatre chambres à louer par mois
4 chambre175 m²
Nord foire,
Dakar

vendredi, 13:26

550 000 F Cfa

772506673

767277483

772506673","https://www.expat-dakar.com/annonce/quatre-chambres-a-louer-par-mois-6000770","Quatre chambres à louer par mois","4","4","","Nord foire","Dakar","550 000 F Cfa","https://i.roamcdn.net/hz/ed/listing-thumb-543w/89ff527ba9127a2a289bf3902ab062ac/-/horizon-files-prod/ed/picture/q9m92655/f683d658397279f99b9859a55cc607a6a74c22bb.jpg"
"1707688577-71","https://www.expat-dakar.com/appartements-a-louer?page=4","Appartement avec belle vue sur mer à Fann Résidence
4 chambre
Fann,
Dakar

vendredi, 15:47

2 500 000 F Cfa

775631616","https://www.expat-dakar.com/annonce/appartement-avec-belle-vue-sur-mer-a-fann-residence-5764218","Appartement avec belle vue sur mer à Fann Résidence","4","5","","Fann","Dakar","2 500 000 F Cfa","https://i.roamcdn.net/hz/ed/listing-thumb-543w/d2c87371c31c33d7a181354e0d282212/-/horizon-files-prod/ed/picture/qdewzd65/a23865e028502e1e8f01b2afa4244118c9697148.jpg"
"1707688582-72","https://www.expat-dakar.com/appartements-a-louer?page=3","APPARTEMENT F4 À N'GOR VIRAGE
3 chambre250 m²
Yoff,
Dakar

vendredi, 15:59

850 000 F Cfa

778298993","https://www.expat-dakar.com/annonce/appartement-f4-a-ngor-virage-6000867","APPARTEMENT F4 À N'GOR VIRAGE","3","","NOUS AVONS 2 APPARTEMENTS F4 VIDE AVEC VUE SUR MER À NGOR VIRAGE","Yoff","Dakar","850 000 F Cfa","https://i.roamcdn.net/hz/ed/listing-thumb-543w/03be399fa4cbf15f4d5c9a4ea1231870/-/horizon-files-prod/ed/picture/q785dr9q/e8ab73798ba3382124c64766f12efc0f854e1c87.jpg"
"1707688584-73","https://www.expat-dakar.com/appartements-a-louer?page=3","Bel appartement moderne aux Mamelles
2 chambre
Mamelles,
Dakar

vendredi, 16:14

350 000 F Cfa

777488842","https://www.expat-dakar.com/annonce/bel-appartement-moderne-aux-mamelles-6000895","Bel appartement moderne aux Mamelles","2","2","","Mamelles","Dakar","350 000 F Cfa","https://i.roamcdn.net/hz/ed/listing-thumb-543w/3c1f0b98a581bc240cce0fe563d48216/-/horizon-files-prod/ed/picture/qq47k8vp/a6d3f88bbd46cb6896b097aba63ec98898cdf146.jpg"
"1707688586-74","https://www.expat-dakar.com/appartements-a-louer?page=3","APPARTEMENT A LOUER
3 chambre110 m²
Almadies 2,
Dakar

vendredi, 16:42

275 000 F Cfa

776866139

776866048

776866024","https://www.expat-dakar.com/annonce/appartement-a-louer-5989507","APPARTEMENT A LOUER","3","3","","Almadies 2","Dakar","275 000 F Cfa","https://i.roamcdn.net/hz/ed/listing-thumb-543w/f42d0d9fc54de7310cdfea533b9b1ab6/-/horizon-files-prod/ed/picture/qq478vqw/9400d06fe47935fe4fbcbcf4ccf824c25a15768a.jpg"
"1707688589-75","https://www.expat-dakar.com/appartements-a-louer?page=3","APPARTEMENT À LOUER
3 chambre90 m²
Almadies 2,
Dakar

vendredi, 16:42

300 000 F Cfa

776866139

776866048

776866024","https://www.expat-dakar.com/annonce/appartement-a-louer-5989116","APPARTEMENT À LOUER","3","2","","Almadies 2","Dakar","300 000 F Cfa","https://i.roamcdn.net/hz/ed/listing-thumb-543w/95e373e2bd076bea1707811ccdfdb6d0/-/horizon-files-prod/ed/picture/qpd6q2mq/b149f29bda6ad2c97fc64656308e31be966eec0f.jpg"
"1707688591-76","https://www.expat-dakar.com/appartements-a-louer?page=3","Appartement à louer aux Almadies
3 chambre
Almadies,
Dakar

vendredi, 17:16

1 700 000 F Cfa

783919539","https://www.expat-dakar.com/annonce/appartement-a-louer-aux-almadies-5761836","Appartement à louer aux Almadies","3","","","Almadies","Dakar","1 700 000 F Cfa","https://i.roamcdn.net/hz/ed/listing-thumb-543w/89f623e0a49f69ebc7871dfc64188522/-/horizon-files-prod/ed/picture/qkr5d5dn/33eecac12787421197bafd1a88514f747ffd8d97.jpg"
"1707688594-77","https://www.expat-dakar.com/appartements-a-louer?page=3","Magnifique appartement à louer à sacre coeur
3 chambre150 m²
Sicap Sacré-cœur,
Dakar

vendredi, 19:55

500 000 F Cfa

776953266","https://www.expat-dakar.com/annonce/magnifique-appartement-a-louer-a-sacre-coeur-5971804","Magnifique appartement à louer à sacre coeur","3","","","Sicap Sacré-cœur","Dakar","500 000 F Cfa","https://i.roamcdn.net/hz/ed/listing-thumb-543w/36b3eef0971c52e66c55550f1b181615/-/horizon-files-prod/ed/picture/q9m9w7gx/79df3c4962ae8303bfaa3e6ace26db679964fbde.jpg"
"1707688596-78","https://www.expat-dakar.com/appartements-a-louer?page=3","APPARTEMENT F5 OUAKAM
4 chambre
Ouakam,
Dakar

vendredi, 22:55

400 000 F Cfa

773752863

771059344","https://www.expat-dakar.com/annonce/appartement-f5-ouakam-6001061","APPARTEMENT F5 OUAKAM","4","3","","Ouakam","Dakar","400 000 F Cfa","https://i.roamcdn.net/hz/ed/listing-thumb-543w/d536555ea00c01ac2ff482a866ae3a82/-/horizon-files-prod/ed/picture/q2jq2ned/f444d08b14199f8f5bdd17431428b848b68a5528.jpg"
"1707688599-79","https://www.expat-dakar.com/appartements-a-louer?page=3","Appartements F4 neufs a louer aux Almadies
3 chambre
Almadies,
Dakar

jeudi, 10:57

1 600 000 F Cfa

766343415

776108934","https://www.expat-dakar.com/annonce/appartements-f4-neufs-a-louer-aux-almadies-5998472","Appartements F4 neufs a louer aux Almadies","3","4","Appartements F4 + Service (210 à 250m2)

Composé de :","Almadies","Dakar","1 600 000 F Cfa","https://i.roamcdn.net/hz/ed/listing-thumb-543w/0d17ab00f11049b321b8e134edc484a6/-/horizon-files-prod/ed/picture/qwe29n84/569945a7bbbdc4ef2a6b214ffedbe80ae7f8407d.jpg"
"1707688601-80","https://www.expat-dakar.com/appartements-a-louer?page=3","APPARTEMENT F5 A LOUER
4 chambre165 m²
Virage,
Dakar

Hier, 01:55

650 000 F Cfa

784689081","https://www.expat-dakar.com/annonce/appartement-f5-a-louer-5255641","APPARTEMENT F5 A LOUER","4","5","","Virage","Dakar","650 000 F Cfa","https://i.roamcdn.net/hz/ed/listing-thumb-543w/40c4491d123f59aa2f5531a4bcef187c/-/horizon-files-prod/ed/picture/q56wg8k0/c71338f630323ee5d976207625eb62d17d51a2a7.jpg"
"1707688603-81","https://www.expat-dakar.com/appartements-a-louer?page=3","Appartement à louer à la cité keur gorgui
3 chambre
Cité keur gorgui,
Dakar

Hier, 09:36

900 000 F Cfa

776763097","https://www.expat-dakar.com/annonce/appartement-a-louer-a-la-cite-keur-gorgui-6000945","Appartement à louer à la cité keur gorgui","3","","Caractéristiques de l'appartement :","Cité keur gorgui","Dakar","900 000 F Cfa","https://i.roamcdn.net/hz/ed/listing-thumb-543w/da77fcb604131ae54aca769a56feadfe/-/horizon-files-prod/ed/picture/q785dr4j/bb17c227794781ba007ebbd520da3f58454a1fec.jpg"
"1707688608-82","https://www.expat-dakar.com/appartements-a-louer?page=2","Appartement à louer (location temporaire)
2 chambre
Cite Mixta,
Dakar

Hier, 11:25

275 000 F Cfa

779333454","https://www.expat-dakar.com/annonce/appartement-a-louer-location-temporaire-5999351","Appartement à louer (location temporaire)","2","2","Situé au rez-de-chaussée, cet appartement offre deux chambres confortables. La grande chambre climatisée dispose d'une salle de bain attenante, tandis que la petite chambre est équipée d'un ventilateur suspendu au plafond. Chaque chambre est équipée d'un grand lit avec matelas orthopédique neuf pour un confort optimal.","Cite Mixta","Dakar","275 000 F Cfa","https://i.roamcdn.net/hz/ed/listing-thumb-543w/fb35374f174fc913c7a70ef861b92240/-/horizon-files-prod/ed/picture/qq47k6we/3dba815bd8e08d29062cc45f33381b459f40f648.jpg"
"1707688611-83","https://www.expat-dakar.com/appartements-a-louer?page=2","Jolie appartement au mamel
4 chambre190 m²
Almadies,
Dakar

Hier, 12:05

500 000 F Cfa

781144342

781144342","https://www.expat-dakar.com/annonce/jolie-appartement-au-mamel-5994538","Jolie appartement au mamel","4","3","","Almadies","Dakar","500 000 F Cfa","https://i.roamcdn.net/hz/ed/listing-thumb-543w/7086da0653c06d6b77decd769524aab8/-/horizon-files-prod/ed/picture/qpd6qk8p/24424693f0405b6e981fee4675a1a0f36f814b0a.jpg"
"1707688613-84","https://www.expat-dakar.com/appartements-a-louer?page=2","F4 haut de gamme neuf au point E
3 chambre238 m²
Point-e,
Dakar

Hier, 12:59

1 600 000 F Cfa

776333704

776333704","https://www.expat-dakar.com/annonce/f4-haut-de-gamme-neuf-au-point-e-5994321","F4 haut de gamme neuf au point E","3","3","","Point-e","Dakar","1 600 000 F Cfa","https://i.roamcdn.net/hz/ed/listing-thumb-543w/fe15b651232ea614c1a4653b23c0bb45/-/horizon-files-prod/ed/picture/qzvd57gd/261720e01e2eab9c650200f2886f16a264d12b0e.jpg"
"1707688616-85","https://www.expat-dakar.com/appartements-a-louer?page=2","Somptueux F4 sur la corniche
3 chambre250 m²
Ouakam,
Dakar

Hier, 12:59

1 500 000 F Cfa

776333704

776333704","https://www.expat-dakar.com/annonce/somptueux-f4-sur-la-corniche-5985099","Somptueux F4 sur la corniche","3","3","","Ouakam","Dakar","1 500 000 F Cfa","https://i.roamcdn.net/hz/ed/listing-thumb-543w/5af76217b64788718f38238121bfc684/-/horizon-files-prod/ed/picture/qxj2ej04/5d3bc93102c3c9b261394ff44709f19f7a293e1e.jpg"
"1707688618-86","https://www.expat-dakar.com/appartements-a-louer?page=2","Appartement Neuf 3 chambres Sacre Coeur
3 chambre150 m²
Sacré-cœur,
Dakar

Hier, 13:02

750 000 F Cfa

771156450","https://www.expat-dakar.com/annonce/appartement-neuf-3-chambres-sacre-coeur-6001365","Appartement Neuf 3 chambres Sacre Coeur","3","3","","Sacré-cœur","Dakar","750 000 F Cfa","https://i.roamcdn.net/hz/ed/listing-thumb-543w/520ad6bd15bc6e47cb38cabafae3a8fa/-/horizon-files-prod/ed/picture/qzvdqq6r/45236fdff368ca16ba3f7c6e06ef5f2a05a56fa4.jpg"
"1707688621-87","https://www.expat-dakar.com/appartements-a-louer?page=2","Appartement rdc grand standing
3 chambre180 m²
Mamelles,
Dakar

Hier, 15:45

420 000 F Cfa

784621889

784621889","https://www.expat-dakar.com/annonce/appartement-rdc-grand-standing-5973427","Appartement rdc grand standing","3","2","","Mamelles","Dakar","420 000 F Cfa","https://i.roamcdn.net/hz/ed/listing-thumb-543w/837478902452f0b1843b8dfd114af14d/-/horizon-files-prod/ed/picture/qngx2rew/a3cbfac7e25234c1da27e335ccc357ee8363793e.jpg"
"1707688623-88","https://www.expat-dakar.com/appartements-a-louer?page=2","Superbe appartement F4 vue sur mer
3 chambre200 m²
Virage,
Dakar

Hier, 16:26

1 800 000 F Cfa

781510606

763719494","https://www.expat-dakar.com/annonce/superbe-appartement-f4-vue-sur-mer-5673420","Superbe appartement F4 vue sur mer","3","3","","Virage","Dakar","1 800 000 F Cfa","https://i.roamcdn.net/hz/ed/listing-thumb-543w/1fc9d0dd65a8375c06b8abd649c3be33/-/horizon-files-prod/ed/picture/qen5ve6k/dabc3b74d847a3f3cb2d6096b05983e87a1ad0e8.jpg"
"1707688626-89","https://www.expat-dakar.com/appartements-a-louer?page=2","Bel appartement F4 au Virage
3 chambre180 m²
Virage,
Dakar

Hier, 19:01

1 200 000 F Cfa

781510606

763719494","https://www.expat-dakar.com/annonce/bel-appartement-f4-au-virage-6001562","Bel appartement F4 au Virage","3","","","Virage","Dakar","1 200 000 F Cfa","https://i.roamcdn.net/hz/ed/listing-thumb-543w/f9c2acaa36ab53d946831196733bffad/-/horizon-files-prod/ed/picture/qdekzz50/f7f4d474dd1a7492b445cfa517eae71469aa7251.jpg"
"1707688629-90","https://www.expat-dakar.com/appartements-a-louer?page=2","Appartement 3 chambres salon au 3e étage à Mermoz
3 chambre190 m²
Mermoz,
Dakar

Hier, 19:03

900 000 F Cfa

774633788

776686666","https://www.expat-dakar.com/annonce/appartement-3-chambres-salon-au-3e-etage-a-mermoz-6001561","Appartement 3 chambres salon au 3e étage à Mermoz","3","3","","Mermoz","Dakar","900 000 F Cfa","https://i.roamcdn.net/hz/ed/listing-thumb-543w/2c9eca5ba555290e39234bbca5be7de4/-/horizon-files-prod/ed/picture/q2jq224k/b3f9ae619d86a770461dab2ec69d26ffe7effa15.jpg"
"1707688632-91","https://www.expat-dakar.com/appartements-a-louer?page=2","APPARTEMENT À LOUER AU POINT E
3 chambre
Point-e,
Dakar

Hier, 20:12

Vendeur vérifié

1 500 000 F Cfa

772953810

775941402","https://www.expat-dakar.com/annonce/appartement-a-louer-au-point-e-6001582","APPARTEMENT À LOUER AU POINT E","3","","","Point-e","Dakar","1 500 000 F Cfa","https://i.roamcdn.net/hz/ed/listing-thumb-543w/ea2d175a736157131389abef5a7b3f9b/-/horizon-files-prod/ed/picture/qpd655km/3bc5389a46e9476c302aebf9d988a26aa47bce65.jpg"
"1707688637-92","https://www.expat-dakar.com/appartements-a-louer?page=1","Villa 1000m2 a louer en ville
4 chambre10,000 m²
Plateau,
Dakar

Hier, 21:30

4 000 000 F Cfa

771048216

766612910

771048216","https://www.expat-dakar.com/annonce/villa-1000m2-a-louer-en-ville-6001607","Villa 1000m2 a louer en ville","4","4","","Plateau","Dakar","4 000 000 F Cfa","https://i.roamcdn.net/hz/ed/listing-thumb-543w/eb1e8a4405a3e4b33a4c06a6976796d5/-/horizon-files-prod/ed/picture/qq47kxqw/876ddb5c6b401952435727b6b0f60c60de811a97.jpg"
"1707688639-93","https://www.expat-dakar.com/appartements-a-louer?page=1","Joli appartement à louer à pikine
2 chambre100 m²
Pikine,
Dakar

Hier, 22:28

225 000 F Cfa

771048216

766612910

771048216","https://www.expat-dakar.com/annonce/joli-appartement-a-louer-a-pikine-6001608","Joli appartement à louer à pikine","2","2","","Pikine","Dakar","225 000 F Cfa","https://i.roamcdn.net/hz/ed/listing-thumb-543w/2bcafe27bf0e1ee7c99ba5d774f590e8/-/horizon-files-prod/ed/picture/q8v52r09/d782c61d2059d20023465e167715e639c0442be7.jpg"
"1707688642-94","https://www.expat-dakar.com/appartements-a-louer?page=1","Joli appartement a louer aux mamelles
3 chambre150 m²
Mamelles,
Dakar

18. déc. '23, 12:43

700 000 F Cfa

771048216

766612910

771048216","https://www.expat-dakar.com/annonce/joli-appartement-a-louer-aux-mamelles-5962616","Joli appartement a louer aux mamelles","3","3","","Mamelles","Dakar","700 000 F Cfa","https://i.roamcdn.net/hz/ed/listing-thumb-543w/ec7bbe6c573a778d862c384ad8bb9501/-/horizon-files-prod/ed/picture/qpd68k2p/966107abf1a389d99e74833bbb671e0ee1b3c05c.jpg"
"1707688644-95","https://www.expat-dakar.com/appartements-a-louer?page=1","Appartement à louer
3 chambre200 m²
Ouakam,
Dakar

29. oct. '23, 12:06

1 800 000 F Cfa

778893740

706365668

776723168","https://www.expat-dakar.com/annonce/appartement-a-louer-5919481","Appartement à louer","3","3","","Ouakam","Dakar","1 800 000 F Cfa","https://i.roamcdn.net/hz/ed/listing-thumb-543w/ef66562ed6186625df518ef72ddcbafe/-/horizon-files-prod/ed/picture/qj4r6n55/56e1c1d34d9d77c99f64dc41994f2467356d3433.jpg"
"1707688647-96","https://www.expat-dakar.com/appartements-a-louer?page=1","APPARTEMENT F4 CORNICHE FANN MERMOZ
3 chambre
Fann,
Dakar

Aujourd'hui, 16:37

Vendeur vérifié

2 200 000 F Cfa

772293834

769023031","https://www.expat-dakar.com/annonce/appartement-f4-corniche-fann-mermoz-6001863","APPARTEMENT F4 CORNICHE FANN MERMOZ","3","5","Résidence avec piscine parking gardiennage H24","Fann","Dakar","2 200 000 F Cfa","https://i.roamcdn.net/hz/ed/listing-thumb-543w/d7e027e9e6e4fed830c5451d53f6d776/-/horizon-files-prod/ed/picture/q56x2q57/e1f40607e5a57d9322e3612fde8c97f70726a741.jpg"
"1707688651-97","https://www.expat-dakar.com/appartements-a-louer?page=1","APPARTEMENT F5 EN TRIPLEX AVEC TERRASSES
4 chambre
Mermoz,
Dakar

Aujourd'hui, 16:40

Vendeur vérifié

1 500 000 F Cfa

772293834

769023031","https://www.expat-dakar.com/annonce/appartement-f5-en-triplex-avec-terrasses-5995685","APPARTEMENT F5 EN TRIPLEX AVEC TERRASSES","4","4","","Mermoz","Dakar","1 500 000 F Cfa","https://i.roamcdn.net/hz/ed/listing-thumb-543w/79f5816609a8c2e5ac9107d9f3bef544/-/horizon-files-prod/ed/picture/q56x260x/50448a9465965c2cfd0d22249c53f3f10f443311.jpg"
"1707688656-98","https://www.expat-dakar.com/appartements-a-louer?page=1","Appartement F3 tout neuf à louer à Dakar plateau
2 chambre135 m²
Plateau,
Dakar

Aujourd'hui, 18:13

Vendeur vérifié

850 000 F Cfa

774723333","https://www.expat-dakar.com/annonce/appartement-f3-tout-neuf-a-louer-a-dakar-plateau-5994370","Appartement F3 tout neuf à louer à Dakar plateau","2","","Commodites:

Parking sous-sol, salle de sport, piscine.","Plateau","Dakar","850 000 F Cfa","https://i.roamcdn.net/hz/ed/listing-thumb-543w/ddfd0808b7aace3ffe96cb9834663548/-/horizon-files-prod/ed/picture/q9m964mn/425deffff8610d7b8e0c13501fd269cbae2e41a7.jpg"
"1707688660-99","https://www.expat-dakar.com/appartements-a-louer?page=1","APPARTEMENT F4 TOUT NEUF À LOUER À DAKAR PLATEAU
3 chambre193 m²
Plateau,
Dakar

Aujourd'hui, 18:13

Vendeur vérifié

1 000 000 F Cfa

774723333","https://www.expat-dakar.com/annonce/appartement-f4-tout-neuf-a-louer-a-dakar-plateau-5994280","APPARTEMENT F4 TOUT NEUF À LOUER À DAKAR PLATEAU","3","","Commodites:

Parking sous-sol, salle de sport, piscine.","Plateau","Dakar","1 000 000 F Cfa","https://i.roamcdn.net/hz/ed/listing-thumb-543w/f911425e6977c039dd2d70fd1c0282ca/-/horizon-files-prod/ed/picture/qkrgvw4p/7b68757be185150d4983ff31419d16431b538cb1.jpg"
"1707688665-100","https://www.expat-dakar.com/appartements-a-louer?page=1","APPARTEMENT F4 TOUT NEUF HAUT STANDING À LOUER À MERMOZ
3 chambre
Mermoz,
Dakar

Aujourd'hui, 18:15

Vendeur vérifié

750 000 F Cfa

774723333","https://www.expat-dakar.com/annonce/appartement-f4-tout-neuf-haut-standing-a-louer-a-mermoz-5969575","APPARTEMENT F4 TOUT NEUF HAUT STANDING À LOUER À MERMOZ","3","","Prix: 750.000 FCFA","Mermoz","Dakar","750 000 F Cfa","https://i.roamcdn.net/hz/ed/listing-thumb-543w/daea0f85a39ccacd2927fcb64a7d536b/-/horizon-files-prod/ed/picture/q44872kr/4ab5f391f771fc6cf7d7d1af9cfe6dca2278bba5.jpg"
"1707688668-101","https://www.expat-dakar.com/appartements-a-louer?page=1","appartement standing vue sur mer aux almadie
3 chambre250 m²
Almadies,
Dakar

Aujourd'hui, 18:20

1 500 000 F Cfa

771048216

766612910

771048216","https://www.expat-dakar.com/annonce/appartement-standing-vue-sur-mer-aux-almadie-5706340","appartement standing vue sur mer aux almadie","3","3","","Almadies","Dakar","1 500 000 F Cfa","https://i.roamcdn.net/hz/ed/listing-thumb-543w/9407e649108018af93dba41a5b846924/-/horizon-files-prod/ed/picture/qdewdvxw/f57195a8194aaa2a7353d14cb6eaf535a813ad41.jpg"
