web-scraper-order,web-scraper-start-url,articles_links,articles_links-href,detail,superficie,adresse,ville,prix,image_link-src
"1707691142-1","https://www.expat-dakar.com/terrains-a-vendre?page=10","terrain titre foncier 300 m2a NDIAKHIRATE
300 m²
Ndiakhirate,
Dakar

jeudi, 13:36

32 000 000 F Cfa

776824862","https://www.expat-dakar.com/annonce/terrain-titre-foncier-300-m2a-ndiakhirate-5967576","Page 10 résultats pour Terrains à vendre - Sénégal","","","","32 000 000 F Cfa",""
"1707691142-2","https://www.expat-dakar.com/terrains-a-vendre?page=10","Terrains à vendre pres de l'aéroport AIBD

Diass,
Thiès

jeudi, 11:24

4 000 000 F Cfa

763806565

774671061

779333547","https://www.expat-dakar.com/annonce/terrains-a-vendre-pres-de-laeroport-aibd-5994924","Page 10 résultats pour Terrains à vendre - Sénégal","","","","32 000 000 F Cfa",""
"1707691142-3","https://www.expat-dakar.com/terrains-a-vendre?page=10","Terrain à vendre route de rufisque
150 m²
Thiaroye,
Dakar

jeudi, 09:55

37 000 000 F Cfa

770107474

775847575

778785858","https://www.expat-dakar.com/annonce/terrain-a-vendre-route-de-rufisque-5994827","Page 10 résultats pour Terrains à vendre - Sénégal","","","","32 000 000 F Cfa",""
"1707691142-4","https://www.expat-dakar.com/terrains-a-vendre?page=10","Terrain de 150m2 à vendre à Tivaoune peulh
150 m²
Tivaouane peulh,
Dakar

jeudi, 09:48

17 000 000 F Cfa

770107474

775847575

778785858","https://www.expat-dakar.com/annonce/terrain-de-150m2-a-vendre-a-tivaoune-peulh-5994818","Page 10 résultats pour Terrains à vendre - Sénégal","","","","32 000 000 F Cfa",""
"1707691142-5","https://www.expat-dakar.com/terrains-a-vendre?page=10","Terrain à Nguerigne Serere
1,500 m²
Nguering,
Thiès

jeudi, 07:01

1 F Cfa

774486040

771320710","https://www.expat-dakar.com/annonce/terrain-a-nguerigne-serere-5994405","Page 10 résultats pour Terrains à vendre - Sénégal","","","","32 000 000 F Cfa",""
"1707691142-6","https://www.expat-dakar.com/terrains-a-vendre?page=10","Lots de Terrains a la Cité Apix de tivaouane peulh
150 m²
Tivaouane peulh,
Dakar

jeudi, 07:21

30 000 000 F Cfa

777247735

772488787

783380606","https://www.expat-dakar.com/annonce/lots-de-terrains-a-la-cite-apix-de-tivaouane-peulh-5906605","Page 10 résultats pour Terrains à vendre - Sénégal","","","","32 000 000 F Cfa",""
"1707691142-7","https://www.expat-dakar.com/terrains-a-vendre?page=10","Villa de 238m2 à démolir sicap karack
238 m²
Karack,
Dakar

mercredi, 22:47

135 000 000 F Cfa

774357705

774357705

774357705","https://www.expat-dakar.com/annonce/villa-de-238m2-a-demolir-sicap-karack-2727446","Page 10 résultats pour Terrains à vendre - Sénégal","","","","32 000 000 F Cfa",""
"1707691142-8","https://www.expat-dakar.com/terrains-a-vendre?page=10","Terrain à vendre Niakoul Rap
150 m²
Niakoul rap,
Dakar

mercredi, 19:07

9 000 000 F Cfa

785445454

785445353","https://www.expat-dakar.com/annonce/terrain-a-vendre-niakoul-rap-5072517","Page 10 résultats pour Terrains à vendre - Sénégal","","","","32 000 000 F Cfa",""
"1707691142-9","https://www.expat-dakar.com/terrains-a-vendre?page=10","TERRAIN PIEDS DANS L'EAU À GUEREO
2,905 m²
Guereo,
Thiès

mercredi, 17:31

Vendeur vérifié

170 000 000 F Cfa

772293834

769023031","https://www.expat-dakar.com/annonce/terrain-pieds-dans-leau-a-guereo-5983956","Page 10 résultats pour Terrains à vendre - Sénégal","","","","32 000 000 F Cfa",""
"1707691142-10","https://www.expat-dakar.com/terrains-a-vendre?page=10","Terrains à vendre à NDIKHIRATE
150 m²
Ndiakhirate,
Dakar

lundi, 16:29

16 000 000 F Cfa

782748263

338948189","https://www.expat-dakar.com/annonce/terrains-a-vendre-a-ndikhirate-5992714","Page 10 résultats pour Terrains à vendre - Sénégal","","","","32 000 000 F Cfa",""
"1707691145-11","https://www.expat-dakar.com/terrains-a-vendre?page=9","Terrain 400m² bail à vendre à Saly (Golf)
400 m²
Mbour,
Thiès

vendredi, 10:28

Vendeur vérifié

35 000 000 F Cfa

707179327

775171724","https://www.expat-dakar.com/annonce/terrain-400m2-bail-a-vendre-a-saly-golf-5970520","Page 9 résultats pour Terrains à vendre - Sénégal","","","","35 000 000 F Cfa",""
"1707691145-12","https://www.expat-dakar.com/terrains-a-vendre?page=9","Terrains à vendre à la Cite tacko
150 m²
Rufisque,
Dakar

vendredi, 10:11

776820642

766796868","https://www.expat-dakar.com/annonce/terrains-a-vendre-a-la-cite-tacko-5971530","Page 9 résultats pour Terrains à vendre - Sénégal","","","","35 000 000 F Cfa",""
"1707691145-13","https://www.expat-dakar.com/terrains-a-vendre?page=9","Terrain à vendre sur la VDN
200 m²
VDN,
Dakar

vendredi, 10:11

776820642

766796868","https://www.expat-dakar.com/annonce/terrain-a-vendre-sur-la-vdn-5572374","Page 9 résultats pour Terrains à vendre - Sénégal","","","","35 000 000 F Cfa",""
"1707691145-14","https://www.expat-dakar.com/terrains-a-vendre?page=9","Terrain à vendre aux Almadies 2
150 m²
Almadies 2,
Dakar

vendredi, 10:10

776820642

766796868","https://www.expat-dakar.com/annonce/terrain-a-vendre-aux-almadies-2-5572405","Page 9 résultats pour Terrains à vendre - Sénégal","","","","35 000 000 F Cfa",""
"1707691145-15","https://www.expat-dakar.com/terrains-a-vendre?page=9","Terrains tf a vendre a Thies

Thiès,
Thiès

vendredi, 10:10

776820642

766796868","https://www.expat-dakar.com/annonce/terrains-tf-a-vendre-a-thies-5827357","Page 9 résultats pour Terrains à vendre - Sénégal","","","","35 000 000 F Cfa",""
"1707691145-16","https://www.expat-dakar.com/terrains-a-vendre?page=9","Bambilor - Terrains de 150 m²
150 m²
Rufisque,
Dakar

jeudi, 19:16

Vendeur vérifié

2 000 000 F Cfa

776585693

776585693","https://www.expat-dakar.com/annonce/bambilor-terrains-de-150-m2-2724737","Page 9 résultats pour Terrains à vendre - Sénégal","","","","35 000 000 F Cfa",""
"1707691145-17","https://www.expat-dakar.com/terrains-a-vendre?page=9","Opportunité aux Almadies
200 m²
Almadies,
Dakar

jeudi, 16:15

115 000 000 F Cfa

784577878","https://www.expat-dakar.com/annonce/opportunite-aux-almadies-5995266","Page 9 résultats pour Terrains à vendre - Sénégal","","","","35 000 000 F Cfa",""
"1707691145-18","https://www.expat-dakar.com/terrains-a-vendre?page=9","Terrain position commerciale aux Almadies
185 m²
Almadies,
Dakar

jeudi, 16:11

125 000 000 F Cfa

784577878","https://www.expat-dakar.com/annonce/terrain-position-commerciale-aux-almadies-5995254","Page 9 résultats pour Terrains à vendre - Sénégal","","","","35 000 000 F Cfa",""
"1707691145-19","https://www.expat-dakar.com/terrains-a-vendre?page=9","Terrain à vendre à NIAGUES

Niague,
Dakar

vendredi, 13:05

Vendeur vérifié

779157815

781915071","https://www.expat-dakar.com/annonce/terrain-a-vendre-a-niagues-5992590","Page 9 résultats pour Terrains à vendre - Sénégal","","","","35 000 000 F Cfa",""
"1707691145-20","https://www.expat-dakar.com/terrains-a-vendre?page=9","Terrains TF individuels à Ndiakhirate payable sur 2ans
150 m²
Ndiakhirate,
Dakar

jeudi, 15:52

14 000 000 F Cfa

771497070","https://www.expat-dakar.com/annonce/terrains-tf-individuels-a-ndiakhirate-payable-sur-2ans-5794752","Page 9 résultats pour Terrains à vendre - Sénégal","","","","35 000 000 F Cfa",""
"1707691147-21","https://www.expat-dakar.com/terrains-a-vendre?page=8","Terrain titre foncier
150 m²
Keur Massar,
Dakar

vendredi, 18:16

22 500 000 F Cfa

774304404

765913011","https://www.expat-dakar.com/annonce/terrain-titre-foncier-5895182","Page 8 résultats pour Terrains à vendre - Sénégal","","","","22 500 000 F Cfa",""
"1707691147-22","https://www.expat-dakar.com/terrains-a-vendre?page=8","Vente terrain par moratoire
150 m²
Malika,
Dakar

vendredi, 16:55

8 000 000 F Cfa

774304404

765913011","https://www.expat-dakar.com/annonce/vente-terrain-par-moratoire-5816859","Page 8 résultats pour Terrains à vendre - Sénégal","","","","22 500 000 F Cfa",""
"1707691147-23","https://www.expat-dakar.com/terrains-a-vendre?page=8","100 hectares a Bambilor

Bambilor,
Dakar

vendredi, 16:12

778183535

764252582","https://www.expat-dakar.com/annonce/100-hectares-a-bambilor-5989034","Page 8 résultats pour Terrains à vendre - Sénégal","","","","22 500 000 F Cfa",""
"1707691147-24","https://www.expat-dakar.com/terrains-a-vendre?page=8","Terrain Diamniadio site résidentiel
150 m²
Diamniadio,
Dakar

vendredi, 15:23

13 500 000 F Cfa

771438860","https://www.expat-dakar.com/annonce/terrain-diamniadio-site-residentiel-5834452","Page 8 résultats pour Terrains à vendre - Sénégal","","","","22 500 000 F Cfa",""
"1707691147-25","https://www.expat-dakar.com/terrains-a-vendre?page=8","Terrain à vendre à MBORO
300 m²
Mboro,
Thiès

vendredi, 15:10

Vendeur vérifié

2 500 000 F Cfa

772707901

771349834

778993924","https://www.expat-dakar.com/annonce/terrain-a-vendre-a-mboro-5909464","Page 8 résultats pour Terrains à vendre - Sénégal","","","","22 500 000 F Cfa",""
"1707691147-26","https://www.expat-dakar.com/terrains-a-vendre?page=8","Hectare à vendre à Mboro
10,000 m²
Mboro,
Thiès

vendredi, 15:09

Vendeur vérifié

2 750 000 F Cfa

772707901

771349834

778993924","https://www.expat-dakar.com/annonce/hectare-a-vendre-a-mboro-5848188","Page 8 résultats pour Terrains à vendre - Sénégal","","","","22 500 000 F Cfa",""
"1707691147-27","https://www.expat-dakar.com/terrains-a-vendre?page=8","Terrain commercial vers Lompoul
2,500,000 m²
Kebemer,
Louga

vendredi, 15:08

Vendeur vérifié

250 F Cfa

772707901

771349834

778993924","https://www.expat-dakar.com/annonce/terrain-commercial-vers-lompoul-5952905","Page 8 résultats pour Terrains à vendre - Sénégal","","","","22 500 000 F Cfa",""
"1707691147-28","https://www.expat-dakar.com/terrains-a-vendre?page=8","Terrain agricole à Mboro

Mboro,
Thiès

vendredi, 15:08

Vendeur vérifié

3 250 000 F Cfa

772707901

771349834

778993924","https://www.expat-dakar.com/annonce/terrain-agricole-a-mboro-5669305","Page 8 résultats pour Terrains à vendre - Sénégal","","","","22 500 000 F Cfa",""
"1707691147-29","https://www.expat-dakar.com/terrains-a-vendre?page=8","Des terrains de 150m2 à bambilor
150 m²
Bambilor,
Dakar

mercredi, 22:15

4 000 000 F Cfa

774357705

774357705

774357705","https://www.expat-dakar.com/annonce/des-terrains-de-150m2-a-bambilor-2727777","Page 8 résultats pour Terrains à vendre - Sénégal","","","","22 500 000 F Cfa",""
"1707691147-30","https://www.expat-dakar.com/terrains-a-vendre?page=8","Terrain à vendre
300 m²
Mbour,
Thiès

vendredi, 11:42

7 500 000 F Cfa

775117629","https://www.expat-dakar.com/annonce/terrain-a-vendre-5995781","Page 8 résultats pour Terrains à vendre - Sénégal","","","","22 500 000 F Cfa",""
"1707691150-31","https://www.expat-dakar.com/terrains-a-vendre?page=7","1 hectare et demi bambilor
14,500 m²
Yene,
Dakar

samedi, 21:44

14 000 F Cfa

770172620","https://www.expat-dakar.com/annonce/1-hectare-et-demi-bambilor-5996753","Page 7 résultats pour Terrains à vendre - Sénégal","","","","14 000 F Cfa",""
"1707691150-32","https://www.expat-dakar.com/terrains-a-vendre?page=7","Terrain de 200 hectares au pôle urbain diamniadio

Diamniadio,
Dakar

samedi, 20:05

25 000 F Cfa

779229945","https://www.expat-dakar.com/annonce/terrain-de-200-hectares-au-pole-urbain-diamniadio-5996731","Page 7 résultats pour Terrains à vendre - Sénégal","","","","14 000 F Cfa",""
"1707691150-33","https://www.expat-dakar.com/terrains-a-vendre?page=7","Verger 117hectares à vendre à Sindia

Sindia,
Thiès

samedi, 20:00

5 000 F Cfa

779229945","https://www.expat-dakar.com/annonce/verger-117hectares-a-vendre-a-sindia-5996725","Page 7 résultats pour Terrains à vendre - Sénégal","","","","14 000 F Cfa",""
"1707691150-34","https://www.expat-dakar.com/terrains-a-vendre?page=7","Terrain de 150m² à Almadie 2 keur massar
150 m²
Keur Massar,
Dakar

samedi, 19:44

30 000 000 F Cfa

776333704

776333704","https://www.expat-dakar.com/annonce/terrain-de-150m2-a-almadie-2-keur-massar-5996719","Page 7 résultats pour Terrains à vendre - Sénégal","","","","14 000 F Cfa",""
"1707691150-35","https://www.expat-dakar.com/terrains-a-vendre?page=7","Terrain tf à vendre à zac mbao cité sdv
150 m²
Zac Mbao,
Dakar

samedi, 19:41

18 000 000 F Cfa

779229945","https://www.expat-dakar.com/annonce/terrain-tf-a-vendre-a-zac-mbao-cite-sdv-5996717","Page 7 résultats pour Terrains à vendre - Sénégal","","","","14 000 F Cfa",""
"1707691150-36","https://www.expat-dakar.com/terrains-a-vendre?page=7","Terrain à Ndayane
300 m²
Popenguine,
Thiès

samedi, 13:56

4 250 000 F Cfa

782913410","https://www.expat-dakar.com/annonce/terrain-a-ndayane-5917134","Page 7 résultats pour Terrains à vendre - Sénégal","","","","14 000 F Cfa",""
"1707691150-37","https://www.expat-dakar.com/terrains-a-vendre?page=7","Terrain 600m2 à vendre à Saly
600 m²
Saly,
Thiès

22. janv., 12:39

45 000 000 F Cfa

763806565

774671061

779333547","https://www.expat-dakar.com/annonce/terrain-600m2-a-vendre-a-saly-5986935","Page 7 résultats pour Terrains à vendre - Sénégal","","","","14 000 F Cfa",""
"1707691150-38","https://www.expat-dakar.com/terrains-a-vendre?page=7","Terrain rare de 500 m2 à vendre sur la corniche des mamelles
500 m²
Mamelles,
Dakar

vendredi, 23:47

500 000 000 F Cfa

765295837","https://www.expat-dakar.com/annonce/terrain-rare-de-500-m2-a-vendre-sur-la-corniche-des-mamelles-5996150","Page 7 résultats pour Terrains à vendre - Sénégal","","","","14 000 F Cfa",""
"1707691150-39","https://www.expat-dakar.com/terrains-a-vendre?page=7","Terrain nu Zac Mbao
120 m²
Zac Mbao,
Dakar

vendredi, 20:14

16 000 000 F Cfa

776029587","https://www.expat-dakar.com/annonce/terrain-nu-zac-mbao-5996149","Page 7 résultats pour Terrains à vendre - Sénégal","","","","14 000 F Cfa",""
"1707691150-40","https://www.expat-dakar.com/terrains-a-vendre?page=7","Terrain nu Keur Massar
150 m²
Keur Massar,
Dakar

vendredi, 20:13

16 000 000 F Cfa

776029587","https://www.expat-dakar.com/annonce/terrain-nu-keur-massar-5996147","Page 7 résultats pour Terrains à vendre - Sénégal","","","","14 000 F Cfa",""
"1707691153-41","https://www.expat-dakar.com/terrains-a-vendre?page=6","Terrain 200m2 angle à vendre Almadies
200 m²
Almadies,
Dakar

mardi, 11:20

95 000 000 F Cfa

775225352","https://www.expat-dakar.com/annonce/terrain-200m2-angle-a-vendre-almadies-2732332","Page 6 résultats pour Terrains à vendre - Sénégal","","","","95 000 000 F Cfa",""
"1707691153-42","https://www.expat-dakar.com/terrains-a-vendre?page=6","Terrains 150m2 à vendre vdn 3
150 m²
Guediawaye,
Dakar

mardi, 11:19

40 000 000 F Cfa

775225352","https://www.expat-dakar.com/annonce/terrains-150m2-a-vendre-vdn-3-2732770","Page 6 résultats pour Terrains à vendre - Sénégal","","","","95 000 000 F Cfa",""
"1707691153-43","https://www.expat-dakar.com/terrains-a-vendre?page=6","Terrains Titre foncier individuel
150 m²
Keur Massar,
Dakar

mardi, 09:36

22 000 000 F Cfa

773329021","https://www.expat-dakar.com/annonce/terrains-titre-foncier-individuel-5973989","Page 6 résultats pour Terrains à vendre - Sénégal","","","","95 000 000 F Cfa",""
"1707691153-44","https://www.expat-dakar.com/terrains-a-vendre?page=6","Terrain à vendre cité Nouvel Horizon
165 m²
Keur ndiaye lô,
Dakar

25. janv., 09:05

19 000 000 F Cfa

773382079","https://www.expat-dakar.com/annonce/terrain-a-vendre-cite-nouvel-horizon-5989435","Page 6 résultats pour Terrains à vendre - Sénégal","","","","95 000 000 F Cfa",""
"1707691153-45","https://www.expat-dakar.com/terrains-a-vendre?page=6","Terrain de 150m2 en face marine française
150 m²
Kounoune,
Dakar

dimanche, 23:57

15 000 000 F Cfa

774357705

774357705

774357705","https://www.expat-dakar.com/annonce/terrain-de-150m2-en-face-marine-francaise-5994528","Page 6 résultats pour Terrains à vendre - Sénégal","","","","95 000 000 F Cfa",""
"1707691153-46","https://www.expat-dakar.com/terrains-a-vendre?page=6","Champ dans la zone Sandiara
10,700 m²
Mbour,
Thiès

dimanche, 19:24

22 000 000 F Cfa

776569731","https://www.expat-dakar.com/annonce/champ-dans-la-zone-sandiara-5996948","Page 6 résultats pour Terrains à vendre - Sénégal","","","","95 000 000 F Cfa",""
"1707691153-47","https://www.expat-dakar.com/terrains-a-vendre?page=6","environ 2 hectares à vendre situé sur la RN1
20,000 m²
Mbour,
Thiès

dimanche, 18:54

70 000 000 F Cfa

762261310","https://www.expat-dakar.com/annonce/environ-2-hectares-a-vendre-situe-sur-la-rn1-5957615","Page 6 résultats pour Terrains à vendre - Sénégal","","","","95 000 000 F Cfa",""
"1707691153-48","https://www.expat-dakar.com/terrains-a-vendre?page=6","Diass - Terrain
225 m²
Mbour,
Thiès

dimanche, 13:03

4 000 000 F Cfa

761819807

774195599","https://www.expat-dakar.com/annonce/diass-terrain-2725527","Page 6 résultats pour Terrains à vendre - Sénégal","","","","95 000 000 F Cfa",""
"1707691153-49","https://www.expat-dakar.com/terrains-a-vendre?page=6","Terrain a vendre a diass futur almadi
180 m²
Mbour,
Thiès

dimanche, 13:02

2 500 000 F Cfa

761819807

774195599","https://www.expat-dakar.com/annonce/terrain-a-vendre-a-diass-futur-almadi-5818955","Page 6 résultats pour Terrains à vendre - Sénégal","","","","95 000 000 F Cfa",""
"1707691153-50","https://www.expat-dakar.com/terrains-a-vendre?page=6","Terrain 225 m2 almadie 2
225 m²
Almadies 2,
Dakar

3. nov. '23, 20:08

70 000 000 F Cfa

770172620","https://www.expat-dakar.com/annonce/terrain-225-m2-almadie-2-5925737","Page 6 résultats pour Terrains à vendre - Sénégal","","","","95 000 000 F Cfa",""
"1707691155-51","https://www.expat-dakar.com/terrains-a-vendre?page=5","lot de terrains croisement niagues
150 m²
Niague,
Dakar

mercredi, 10:18

7 500 000 F Cfa

776412613","https://www.expat-dakar.com/annonce/lot-de-terrains-croisement-niagues-5809891","Page 5 résultats pour Terrains à vendre - Sénégal","","","","7 500 000 F Cfa",""
"1707691155-52","https://www.expat-dakar.com/terrains-a-vendre?page=5","Lot de terrain croisement Niague
150 m²
Niague,
Dakar

mercredi, 10:18

7 500 000 F Cfa

776412613","https://www.expat-dakar.com/annonce/lot-de-terrain-croisement-niague-5445983","Page 5 résultats pour Terrains à vendre - Sénégal","","","","7 500 000 F Cfa",""
"1707691155-53","https://www.expat-dakar.com/terrains-a-vendre?page=5","Terrain TF très bien placé à Zac mbao
17,000 m²
Zac Mbao,
Dakar

mercredi, 10:17

125 000 F Cfa

776412613","https://www.expat-dakar.com/annonce/terrain-tf-tres-bien-place-a-zac-mbao-5998752","Page 5 résultats pour Terrains à vendre - Sénégal","","","","7 500 000 F Cfa",""
"1707691155-54","https://www.expat-dakar.com/terrains-a-vendre?page=5","Terrain bordure de route a Diass
225 m²
Diass,
Thiès

mercredi, 07:17

3 000 000 F Cfa

775049453","https://www.expat-dakar.com/annonce/terrain-bordure-de-route-a-diass-5998355","Page 5 résultats pour Terrains à vendre - Sénégal","","","","7 500 000 F Cfa",""
"1707691155-55","https://www.expat-dakar.com/terrains-a-vendre?page=5","Terrain à vendre à toubab dialaw
300 m²
Toubab Dialaw,
Thiès

mardi, 18:59

20 000 000 F Cfa

776763097","https://www.expat-dakar.com/annonce/terrain-a-vendre-a-toubab-dialaw-5987293","Page 5 résultats pour Terrains à vendre - Sénégal","","","","7 500 000 F Cfa",""
"1707691155-56","https://www.expat-dakar.com/terrains-a-vendre?page=5","Terrain a vendre a Yoff Onomo
202 m²
Yoff,
Dakar

mardi, 18:30

135 000 000 F Cfa

766343415

776108934","https://www.expat-dakar.com/annonce/terrain-a-vendre-a-yoff-onomo-5843047","Page 5 résultats pour Terrains à vendre - Sénégal","","","","7 500 000 F Cfa",""
"1707691155-57","https://www.expat-dakar.com/terrains-a-vendre?page=5","Terrain titre foncier individuel
200 m²
Ndiakhirate,
Dakar

mardi, 15:46

25 000 000 F Cfa

775049453","https://www.expat-dakar.com/annonce/terrain-titre-foncier-individuel-5712010","Page 5 résultats pour Terrains à vendre - Sénégal","","","","7 500 000 F Cfa",""
"1707691155-58","https://www.expat-dakar.com/terrains-a-vendre?page=5","Terrain angle à liberté 6 derrière immeuble Ferdinand
150 m²
Liberte 6,
Dakar

mardi, 14:25

Vendeur vérifié

100 000 000 F Cfa

784581818

773109594

338233452","https://www.expat-dakar.com/annonce/terrain-angle-a-liberte-6-derriere-immeuble-ferdinand-5998129","Page 5 résultats pour Terrains à vendre - Sénégal","","","","7 500 000 F Cfa",""
"1707691155-59","https://www.expat-dakar.com/terrains-a-vendre?page=5","VENTE TERRAIN LAC ROSE
1,000 m²
Liberte 6 extension,
Dakar

mardi, 11:40

30 000 000 F Cfa

777819815","https://www.expat-dakar.com/annonce/vente-terrain-lac-rose-5970771","Page 5 résultats pour Terrains à vendre - Sénégal","","","","7 500 000 F Cfa",""
"1707691155-60","https://www.expat-dakar.com/terrains-a-vendre?page=5","TERRAINS A VENDRE
183 m²
Thiès,
Thiès

mercredi, 10:26

Vendeur vérifié

2 000 000 F Cfa

784507474","https://www.expat-dakar.com/annonce/terrains-a-vendre-5992750","Page 5 résultats pour Terrains à vendre - Sénégal","","","","7 500 000 F Cfa",""
"1707691158-61","https://www.expat-dakar.com/terrains-a-vendre?page=4","Terrain 300m2 à vendre yenn
300 m²
Yene,
Dakar

mercredi, 16:11

30 000 000 F Cfa

775225352","https://www.expat-dakar.com/annonce/terrain-300m2-a-vendre-yenn-2732803","Page 4 résultats pour Terrains à vendre - Sénégal","","","","30 000 000 F Cfa",""
"1707691158-62","https://www.expat-dakar.com/terrains-a-vendre?page=4","TERRAINS KEUR MOUSSA
180 m²
Thiès,
Thiès

mercredi, 15:47

1 500 000 F Cfa

774576769","https://www.expat-dakar.com/annonce/terrains-keur-moussa-5995882","Page 4 résultats pour Terrains à vendre - Sénégal","","","","30 000 000 F Cfa",""
"1707691158-63","https://www.expat-dakar.com/terrains-a-vendre?page=4","Vente Terrains sis à HLM Keur Massar
160 m²
Keur Massar,
Dakar

mercredi, 14:40

Vendeur vérifié

19 500 000 F Cfa

781391040","https://www.expat-dakar.com/annonce/vente-terrains-sis-a-hlm-keur-massar-5993637","Page 4 résultats pour Terrains à vendre - Sénégal","","","","30 000 000 F Cfa",""
"1707691158-64","https://www.expat-dakar.com/terrains-a-vendre?page=4","Terrain de 211 m2 TF à vendre aux maristes
211 m²
Hann maristes,
Dakar

mercredi, 13:42

115 000 000 F Cfa

773519884","https://www.expat-dakar.com/annonce/terrain-de-211-m2-tf-a-vendre-aux-maristes-5935213","Page 4 résultats pour Terrains à vendre - Sénégal","","","","30 000 000 F Cfa",""
"1707691158-65","https://www.expat-dakar.com/terrains-a-vendre?page=4","Terrain de 225m2 à THIES (colobane Tangor 2 )
225 m²
Thiès,
Thiès

mercredi, 13:38

700 000 F Cfa

774856969

779901784

774037202","https://www.expat-dakar.com/annonce/terrain-de-225m2-a-thies-colobane-tangor-2-5992472","Page 4 résultats pour Terrains à vendre - Sénégal","","","","30 000 000 F Cfa",""
"1707691158-66","https://www.expat-dakar.com/terrains-a-vendre?page=4","Terrain 225m2 à THIES (Daral Peulh)
225 m²
Thiès,
Thiès

mercredi, 13:37

2 500 000 F Cfa

774856969

779901784

774037202","https://www.expat-dakar.com/annonce/terrain-225m2-a-thies-daral-peulh-5992490","Page 4 résultats pour Terrains à vendre - Sénégal","","","","30 000 000 F Cfa",""
"1707691158-67","https://www.expat-dakar.com/terrains-a-vendre?page=4","Terrains TF payables sur 2ans à Ndiakhirate
150 m²
Ndiakhirate,
Dakar

mercredi, 11:31

14 000 000 F Cfa

771497070","https://www.expat-dakar.com/annonce/terrains-tf-payables-sur-2ans-a-ndiakhirate-5995775","Page 4 résultats pour Terrains à vendre - Sénégal","","","","30 000 000 F Cfa",""
"1707691158-68","https://www.expat-dakar.com/terrains-a-vendre?page=4","KEUR NDIAYE LO Terrains viabilisées BAIL de 150 m2
150 m²
Cité keur gorgui,
Dakar

mercredi, 10:51

16 000 000 F Cfa

770952155

781145353

771618659","https://www.expat-dakar.com/annonce/keur-ndiaye-lo-terrains-viabilisees-bail-de-150-m2-5989461","Page 4 résultats pour Terrains à vendre - Sénégal","","","","30 000 000 F Cfa",""
"1707691158-69","https://www.expat-dakar.com/terrains-a-vendre?page=4","Sindia, Thiès - TERRAIN A VENDRE
225 m²
Sindia,
Thiès

mercredi, 10:46

3 200 000 F Cfa

770952155

781145353

771618659","https://www.expat-dakar.com/annonce/sindia-thies-terrain-a-vendre-5822816","Page 4 résultats pour Terrains à vendre - Sénégal","","","","30 000 000 F Cfa",""
"1707691158-70","https://www.expat-dakar.com/terrains-a-vendre?page=4","Lot de terrain à Niakoul'Rap
150 m²
Niakoul rap,
Dakar

mercredi, 10:19

7 500 000 F Cfa

776412613","https://www.expat-dakar.com/annonce/lot-de-terrain-a-niakoulrap-5445963","Page 4 résultats pour Terrains à vendre - Sénégal","","","","30 000 000 F Cfa",""
"1707691160-71","https://www.expat-dakar.com/terrains-a-vendre?page=3","Terrain à Vendre point E
1,200 m²
Point-e,
Dakar

jeudi, 18:37

1 400 000 000 F Cfa

781385959

776313024","https://www.expat-dakar.com/annonce/terrain-a-vendre-point-e-5997426","Page 3 résultats pour Terrains à vendre - Sénégal","","","","1 400 000 000 F Cfa",""
"1707691160-72","https://www.expat-dakar.com/terrains-a-vendre?page=3","TERRAIN A VENDRE A NIAGUE
162 m²
Niague,
Dakar

jeudi, 17:33

781029292

775146868

338645401","https://www.expat-dakar.com/annonce/terrain-a-vendre-a-niague-5953741","Page 3 résultats pour Terrains à vendre - Sénégal","","","","1 400 000 000 F Cfa",""
"1707691160-73","https://www.expat-dakar.com/terrains-a-vendre?page=3","TERRAINS A ZACK MBAO CITE CMS
150 m²
Zac Mbao,
Dakar

jeudi, 15:57

30 000 000 F Cfa

775441815","https://www.expat-dakar.com/annonce/terrains-a-zack-mbao-cite-cms-5646449","Page 3 résultats pour Terrains à vendre - Sénégal","","","","1 400 000 000 F Cfa",""
"1707691160-74","https://www.expat-dakar.com/terrains-a-vendre?page=3","Terrain TF 300m2 à vendre à saly
300 m²
Saly,
Thiès

jeudi, 15:29

30 000 000 F Cfa

773517866","https://www.expat-dakar.com/annonce/terrain-tf-300m2-a-vendre-a-saly-5968282","Page 3 résultats pour Terrains à vendre - Sénégal","","","","1 400 000 000 F Cfa",""
"1707691160-75","https://www.expat-dakar.com/terrains-a-vendre?page=3","Terrain à vendre à Hann Marinas
211 m²
Hann marinas,
Dakar

jeudi, 13:30

110 000 000 F Cfa

776493338

767753338","https://www.expat-dakar.com/annonce/terrain-a-vendre-a-hann-marinas-5954839","Page 3 résultats pour Terrains à vendre - Sénégal","","","","1 400 000 000 F Cfa",""
"1707691160-76","https://www.expat-dakar.com/terrains-a-vendre?page=3","Terrain HLM Kounoune
371 m²
Kounoune,
Dakar

jeudi, 11:05

33 000 000 F Cfa

776376411

781034609","https://www.expat-dakar.com/annonce/terrain-hlm-kounoune-5893549","Page 3 résultats pour Terrains à vendre - Sénégal","","","","1 400 000 000 F Cfa",""
"1707691160-77","https://www.expat-dakar.com/terrains-a-vendre?page=3","Lots de terrains TF à vendre à Kounoune
16,524 m²
Kounoune,
Dakar

jeudi, 10:36

150 000 F Cfa

765682740

776081867","https://www.expat-dakar.com/annonce/lots-de-terrains-tf-a-vendre-a-kounoune-5971645","Page 3 résultats pour Terrains à vendre - Sénégal","","","","1 400 000 000 F Cfa",""
"1707691160-78","https://www.expat-dakar.com/terrains-a-vendre?page=3","Terrains TF à vendre cité sapco keur massar
300 m²
Keur Massar,
Dakar

jeudi, 09:54

Vendeur vérifié

35 000 000 F Cfa

784581818

773109594

338233452","https://www.expat-dakar.com/annonce/terrains-tf-a-vendre-cite-sapco-keur-massar-5964116","Page 3 résultats pour Terrains à vendre - Sénégal","","","","1 400 000 000 F Cfa",""
"1707691160-79","https://www.expat-dakar.com/terrains-a-vendre?page=3","Cité mbakiyou faye
200 m²
Mamelles,
Dakar

mercredi, 22:50

150 000 000 F Cfa

775390606

775390606","https://www.expat-dakar.com/annonce/cite-mbakiyou-faye-5999248","Page 3 résultats pour Terrains à vendre - Sénégal","","","","1 400 000 000 F Cfa",""
"1707691160-80","https://www.expat-dakar.com/terrains-a-vendre?page=3","Terrain de 333m2 à la cité Keur Goorgui
333 m²
Cité keur gorgui,
Dakar

mercredi, 20:05

250 000 000 F Cfa

781510606

763719494","https://www.expat-dakar.com/annonce/terrain-de-333m2-a-la-cite-keur-goorgui-5999285","Page 3 résultats pour Terrains à vendre - Sénégal","","","","1 400 000 000 F Cfa",""
"1707691163-81","https://www.expat-dakar.com/terrains-a-vendre?page=2","Terrain à vendre à Rufisque
150 m²
Rufisque,
Dakar

mardi, 12:34

18 000 000 F Cfa

776928721

773952472

777004885","https://www.expat-dakar.com/annonce/terrain-a-vendre-a-rufisque-5977937","Page 2 résultats pour Terrains à vendre - Sénégal","","","","18 000 000 F Cfa",""
"1707691163-82","https://www.expat-dakar.com/terrains-a-vendre?page=2","Surface 10hectares à vendre

Yene,
Dakar

16. nov. '23, 16:27

2 000 000 000 F Cfa

773517866","https://www.expat-dakar.com/annonce/surface-10hectares-a-vendre-5938609","Page 2 résultats pour Terrains à vendre - Sénégal","","","","18 000 000 F Cfa",""
"1707691163-83","https://www.expat-dakar.com/terrains-a-vendre?page=2","Terrain nu de 641m2
641 m²
Plateau,
Dakar

23. janv., 09:02

615 000 000 F Cfa

775390606

775390606","https://www.expat-dakar.com/annonce/terrain-nu-de-641m2-5987325","Page 2 résultats pour Terrains à vendre - Sénégal","","","","18 000 000 F Cfa",""
"1707691163-84","https://www.expat-dakar.com/terrains-a-vendre?page=2","Terrain 325m2 TF à vendre Dieupeul
325 m²
Dieuppeul,
Dakar

Aujourd'hui, 09:52

185 000 000 F Cfa

775225352","https://www.expat-dakar.com/annonce/terrain-325m2-tf-a-vendre-dieupeul-2732180","Page 2 résultats pour Terrains à vendre - Sénégal","","","","18 000 000 F Cfa",""
"1707691163-85","https://www.expat-dakar.com/terrains-a-vendre?page=2","Terrains à vendre à Toubab Dialaw
300 m²
Toubab Dialaw,
Thiès

vendredi, 16:26

5 000 000 F Cfa

763806565

774671061

779333547","https://www.expat-dakar.com/annonce/terrains-a-vendre-a-toubab-dialaw-6000901","Page 2 résultats pour Terrains à vendre - Sénégal","","","","18 000 000 F Cfa",""
"1707691163-86","https://www.expat-dakar.com/terrains-a-vendre?page=2","Terrains à vendre à Malicounda
150 m²
Malicounda,
Thiès

vendredi, 11:13

1 300 000 F Cfa

773821313

771557171","https://www.expat-dakar.com/annonce/terrains-a-vendre-a-malicounda-6000144","Page 2 résultats pour Terrains à vendre - Sénégal","","","","18 000 000 F Cfa",""
"1707691163-87","https://www.expat-dakar.com/terrains-a-vendre?page=2","2 terrains jumelles de 225 m2 chacun sis à boa
225 m²
Almadies,
Dakar

vendredi, 10:30

105 000 000 F Cfa

776374549

772801780","https://www.expat-dakar.com/annonce/2-terrains-jumelles-de-225-m2-chacun-sis-a-boa-6000594","Page 2 résultats pour Terrains à vendre - Sénégal","","","","18 000 000 F Cfa",""
"1707691163-88","https://www.expat-dakar.com/terrains-a-vendre?page=2","Terrain de 638m2 tf ,non loin du projet aquanique
638 m²
Virage,
Dakar

vendredi, 10:07

450 000 000 F Cfa

776374549

772801780","https://www.expat-dakar.com/annonce/terrain-de-638m2-tf-non-loin-du-projet-aquanique-6000577","Page 2 résultats pour Terrains à vendre - Sénégal","","","","18 000 000 F Cfa",""
"1707691163-89","https://www.expat-dakar.com/terrains-a-vendre?page=2","Terrain 197m2 zac mbao coopérative sonatel.
197 m²
Zac Mbao,
Dakar

vendredi, 08:25

Vendeur vérifié

30 000 000 F Cfa

776370009","https://www.expat-dakar.com/annonce/terrain-197m2-zac-mbao-cooperative-sonatel-5792810","Page 2 résultats pour Terrains à vendre - Sénégal","","","","18 000 000 F Cfa",""
"1707691163-90","https://www.expat-dakar.com/terrains-a-vendre?page=2","Terrain de 600 m2 à vendre à Sendou
600 m²
Sendou,
Dakar

jeudi, 19:49

12 000 000 F Cfa

773519884","https://www.expat-dakar.com/annonce/terrain-de-600-m2-a-vendre-a-sendou-5857303","Page 2 résultats pour Terrains à vendre - Sénégal","","","","18 000 000 F Cfa",""
"1707691166-91","https://www.expat-dakar.com/terrains-a-vendre?page=1","Terrain à vendre sur la vdn 3
200 m²
VDN,
Dakar

Aujourd'hui, 20:09

30 000 000 F Cfa

766343415

776108934","https://www.expat-dakar.com/annonce/terrain-a-vendre-sur-la-vdn-3-5978912","Terrains à vendre - Sénégal","","","","30 000 000 F Cfa",""
"1707691166-92","https://www.expat-dakar.com/terrains-a-vendre?page=1","Terrain de 225m2 à THIES ( Thiaoune bambara)
225 m²
Thiès,
Thiès

jeudi, 10:00

350 000 F Cfa

774856969

779901784

774037202","https://www.expat-dakar.com/annonce/terrain-de-225m2-a-thies-thiaoune-bambara-5992481","Terrains à vendre - Sénégal","","","","30 000 000 F Cfa",""
"1707691166-93","https://www.expat-dakar.com/terrains-a-vendre?page=1","Terrain angle à la cité safco

Keur Massar,
Dakar

Aujourd'hui, 15:11

16 000 000 F Cfa

778408443","https://www.expat-dakar.com/annonce/terrain-angle-a-la-cite-safco-5423173","Terrains à vendre - Sénégal","","","","30 000 000 F Cfa",""
"1707691166-94","https://www.expat-dakar.com/terrains-a-vendre?page=1","Terrain de 200m2 à la Zac de Thies
200 m²
Thiès,
Thiès

Aujourd'hui, 15:09

12 500 000 F Cfa

778408443","https://www.expat-dakar.com/annonce/terrain-de-200m2-a-la-zac-de-thies-5959396","Terrains à vendre - Sénégal","","","","30 000 000 F Cfa",""
"1707691166-95","https://www.expat-dakar.com/terrains-a-vendre?page=1","Terrain de 8000 m² Secteur DIAMNIADIO
8,000 m²
Diamniadio,
Dakar

Hier, 22:46

92 000 000 F Cfa

776426036","https://www.expat-dakar.com/annonce/terrain-de-8000-m2-secteur-diamniadio-5915793","Terrains à vendre - Sénégal","","","","30 000 000 F Cfa",""
"1707691166-96","https://www.expat-dakar.com/terrains-a-vendre?page=1","Terrain de 250 m2 à vendre à Mbour Toucouleur
250 m²
Mbour,
Thiès

Hier, 15:50

1 F Cfa

773683294

782420578

772533833","https://www.expat-dakar.com/annonce/terrain-de-250-m2-a-vendre-a-mbour-toucouleur-5927867","Terrains à vendre - Sénégal","","","","30 000 000 F Cfa",""
"1707691166-97","https://www.expat-dakar.com/terrains-a-vendre?page=1","Terrain à vendre à la Somone en face de la lagune
300 m²
Somone,
Thiès

Hier, 15:46

15 000 000 F Cfa

764194603","https://www.expat-dakar.com/annonce/terrain-a-vendre-a-la-somone-en-face-de-la-lagune-5640815","Terrains à vendre - Sénégal","","","","30 000 000 F Cfa",""
"1707691166-98","https://www.expat-dakar.com/terrains-a-vendre?page=1","Coopérative d'habitat à Keur Ndiaye Lo
150 m²
Keur ndiaye lô,
Dakar

Hier, 14:53

5 000 000 F Cfa

775390606

775390606","https://www.expat-dakar.com/annonce/cooperative-dhabitat-a-keur-ndiaye-lo-6001398","Terrains à vendre - Sénégal","","","","30 000 000 F Cfa",""
"1707691166-99","https://www.expat-dakar.com/terrains-a-vendre?page=1","Bande des filaos
150 m²
Guediawaye,
Dakar

Hier, 14:52

23 000 000 F Cfa

775390606

775390606","https://www.expat-dakar.com/annonce/bande-des-filaos-6001404","Terrains à vendre - Sénégal","","","","30 000 000 F Cfa",""
"1707691166-100","https://www.expat-dakar.com/terrains-a-vendre?page=1","Terrain à vendre à Noflaye
150 m²
Noflaye,
Dakar

mercredi, 10:34

12 000 000 F Cfa

776928721

773952472

777004885","https://www.expat-dakar.com/annonce/terrain-a-vendre-a-noflaye-5977957","Terrains à vendre - Sénégal","","","","30 000 000 F Cfa",""
